Image_Number,Acquisition_Stage
5-001 candler,Stage 1
5-002 candler,Stage 1
5-003 candler,Stage 1
5-004 candler,Stage 1
5-005 candler,Stage 1
5-006 candler,Stage 1
5-007 candler,Stage 1
5-008 candler,Stage 1
5-009 candler,Stage 1
5-010 candler,Stage 1
5-011 candler,Stage 1
5-012 candler,Stage 1
5-013 candler,Stage 1
5-014 candler,Stage 1
5-015 candler,Stage 1
5-016 candler,Stage 1
5-017 candler,Stage 1
5-018 candler,Stage 1
5-019 candler,Stage 1
5-020 candler,Stage 1
5-021 candler,Stage 1
5-022 candler,Stage 1
5-023 candler,Stage 1
5-024 candler,Stage 1
5-025 candler,Stage 1
5-026 candler,Stage 1
5-027 candler,Stage 1
5-028 candler,Stage 1
5-029 candler,Stage 1
5-030 candler,Stage 1
5-031 candler,Stage 1
5-032 candler,Stage 1
5-033 candler,Stage 1
5-034 candler,Stage 1
5-035 candler,Stage 1
5-036 candler,Stage 1
5-037 candler,Stage 1
5-038 candler,Stage 1
5-039 candler,Stage 1
5-040 candler,Stage 1
5-041 candler,Stage 1
5-042 candler,Stage 1
5-043 candler,Stage 1
5-044 candler,Stage 1
5-045 candler,Stage 1
5-046 candler,Stage 1
5-047 candler,Stage 1
5-048 candler,Stage 1
5-049 candler,Stage 1
5-050 candler,Stage 1
5-051 candler,Stage 1
5-052 candler,Stage 1
5-053 candler,Stage 1
5-054 candler,Stage 1
5-055 candler,Stage 1
5-056 candler,Stage 1
5-057 candler,Stage 1
5-058 candler,Stage 1
5-059 candler,Stage 1
5-060 candler,Stage 1
5-061 candler,Stage 1
5-062 candler,Stage 1
5-063 candler,Stage 1
5-064 candler,Stage 1
5-065 candler,Stage 1
5-066 candler,Stage 1
5-067 candler,Stage 1
5-068 candler,Stage 1
5-069 candler,Stage 1
5-070 candler,Stage 1
5-071 candler,Stage 1
5-072 candler,Stage 1
5-073 candler,Stage 1
5-074 candler,Stage 1
5-075 candler,Stage 1
5-076 candler,Stage 1
5-077 candler,Stage 1
5-078 candler,Stage 1
5-079 candler,Stage 1
5-080 candler,Stage 1
5-081 candler,Stage 1
5-082 candler,Stage 1
5-083 candler,Stage 1
5-084 candler,Stage 1
5-085 candler,Stage 1
5-086 candler,Stage 1
5-087 candler,Stage 1
5-088 candler,Stage 1
5-089 candler,Stage 1
5-090 candler,Stage 1
5-091 candler,Stage 1
5-092 candler,Stage 1
5-093 candler,Stage 1
5-094 candler,Stage 1
5-095 candler,Stage 1
5-096 candler,Stage 1
5-097 candler,Stage 1
5-098 candler,Stage 1
5-099 candler,Stage 1
5-100 candler,Stage 1
5-101 candler,Stage 1
5-102 candler,Stage 1
5-103 candler,Stage 1
5-104 candler,Stage 1
5-105 candler,Stage 1
5-106 candler,Stage 1
5-107 candler,Stage 1
5-108 candler,Stage 1
5-109 candler,Stage 1
5-110 candler,Stage 1
5-111 candler,Stage 1
5-112 candler,Stage 1
5-113 candler,Stage 1
5-114 candler,Stage 1
5-115 candler,Stage 1
5-116 candler,Stage 1
5-117 candler,Stage 1
5-118 candler,Stage 1
5-119 candler,Stage 1
5-120 candler,Stage 1
5-121 candler,Stage 1
5-122 candler,Stage 1
5-123 candler,Stage 1
5-124 candler,Stage 1
5-125 candler,Stage 1
5-126 candler,Stage 1
5-127 candler,Stage 1
5-128 candler,Stage 1
5-129 candler,Stage 1
5-130 candler,Stage 1
5-131 candler,Stage 1
5-132 candler,Stage 1
5-133 candler,Stage 1
5-134 candler,Stage 1
5-135 candler,Stage 1
5-136 candler,Stage 1
5-137 candler,Stage 1
5-138 candler,Stage 1
5-139 candler,Stage 1
5-140 candler,Stage 1
5-141 candler,Stage 1
5-142 candler,Stage 1
5-143 candler,Stage 1
5-144 candler,Stage 1
5-145 candler,Stage 1
5-146 candler,Stage 1
5-147 candler,Stage 1
5-148 candler,Stage 1
5-149 candler,Stage 1
5-150 candler,Stage 1
5-151 candler,Stage 1
5-152 candler,Stage 1
5-153 candler,Stage 1
5-154 candler,Stage 1
5-155 candler,Stage 1
5-156 candler,Stage 1
5-157 candler,Stage 1
5-158 candler,Stage 1
5-159 candler,Stage 1
5-160 candler,Stage 1
5-161 candler,Stage 1
5-162 candler,Stage 1
5-163 candler,Stage 1
5-164 candler,Stage 1
5-165 candler,Stage 1
5-166 candler,Stage 1
5-167 candler,Stage 1
5-168 candler,Stage 1
5-169 candler,Stage 1
5-170 candler,Stage 1
5-171 candler,Stage 1
5-172 candler,Stage 1
5-173 candler,Stage 1
5-174 candler,Stage 1
5-175 candler,Stage 1
5-176 candler,Stage 1
5-177 candler,Stage 1
5-178 candler,Stage 1
5-179 candler,Stage 1
5-180 candler,Stage 1
5-181 candler,Stage 1
5-182 candler,Stage 1
5-183 candler,Stage 1
5-184 candler,Stage 1
5-185 candler,Stage 1
5-186 candler,Stage 1
5-187 candler,Stage 1
5-188 candler,Stage 1
5-189 candler,Stage 1
5-190 candler,Stage 1
5-191 candler,Stage 1
5-192 candler,Stage 1
5-193 candler,Stage 1
5-194 candler,Stage 1
5-195 candler,Stage 1
5-196 candler,Stage 1
5-197 candler,Stage 1
5-198 candler,Stage 1
5-199 candler,Stage 1
5-200 candler,Stage 1
5-201 candler,Stage 1
5-202 candler,Stage 1
5-203 candler,Stage 1
5-204 candler,Stage 1
5-205 candler,Stage 1
5-206 candler,Stage 1
5-207 candler,Stage 1
5-208 candler,Stage 1
5-209 candler,Stage 1
5-210 candler,Stage 1
5-211 candler,Stage 1
5-212 candler,Stage 1
5-213 candler,Stage 1
5-214 candler,Stage 1
5-215 candler,Stage 1
5-216 candler,Stage 1
5-217 candler,Stage 1
5-218 candler,Stage 1
5-219 candler,Stage 1
5-220 candler,Stage 1
5-221 candler,Stage 1
5-222 candler,Stage 1
5-223 candler,Stage 1
5-224 candler,Stage 1
5-225 candler,Stage 1
5-226 candler,Stage 1
5-227 candler,Stage 1
5-228 candler,Stage 1
5-229 candler,Stage 1
5-230 candler,Stage 1
5-231 candler,Stage 1
5-232 candler,Stage 1
5-233 candler,Stage 2
5-234 candler,Stage 2
5-235 candler,Stage 2
5-236 candler,Stage 2
5-237 candler,Stage 2
5-238 candler,Stage 2
5-239 candler,Stage 2
5-240 candler,Stage 2
5-241 candler,Stage 2
5-242 candler,Stage 2
5-243 candler,Stage 2
5-244 candler,Stage 2
5-245 candler,Stage 2
5-246 candler,Stage 2
5-247 candler,Stage 2
5-248 candler,Stage 2
5-249 candler,Stage 2
5-250 candler,Stage 2
5-251 candler,Stage 2
5-252 candler,Stage 2
5-253 candler,Stage 2
5-254 candler,Stage 2
5-255 candler,Stage 2
5-256 candler,Stage 2
5-257 candler,Stage 2
5-258 candler,Stage 2
5-259 candler,Stage 2
5-260 candler,Stage 2
5-261 candler,Stage 2
5-262 candler,Stage 2
5-263 candler,Stage 2
5-264 candler,Stage 2
5-265 candler,Stage 2
5-266 candler,Stage 2
5-267 candler,Stage 2
5-268 candler,Stage 2
5-269 candler,Stage 2
5-270 candler,Stage 2
5-271 candler,Stage 2
5-272 candler,Stage 2
5-273 candler,Stage 2
5-274 candler,Stage 2
5-275 candler,Stage 2
5-276 candler,Stage 2
5-277 candler,Stage 2
5-278 candler,Stage 2
5-279 candler,Stage 2
5-280 candler,Stage 2
5-281 candler,Stage 2
5-282 candler,Stage 2
5-283 candler,Stage 2
5-284 candler,Stage 2
5-285 candler,Stage 2
5-286 candler,Stage 2
5-287 candler,Stage 2
5-288 candler,Stage 2
5-289 candler,Stage 2
5-290 candler,Stage 2
5-291 candler,Stage 2
5-292 candler,Stage 2
5-293 candler,Stage 2
5-294 candler,Stage 2
5-295 candler,Stage 2
5-296 candler,Stage 2
5-297 candler,Stage 2
5-298 candler,Stage 2
5-299 candler,Stage 2
5-300 candler,Stage 2
5-301 candler,Stage 2
5-302 candler,Stage 2
5-303 candler,Stage 2
5-304 candler,Stage 2
5-305 candler,Stage 2
5-306 candler,Stage 2
5-307 candler,Stage 2
5-308 candler,Stage 2
5-309 candler,Stage 2
5-310 candler,Stage 2
5-311 candler,Stage 2
5-312 candler,Stage 2
5-313 candler,Stage 2
5-314 candler,Stage 2
5-315 candler,Stage 2
5-316 candler,Stage 2
5-317 candler,Stage 2
5-318 candler,Stage 2
5-319 candler,Stage 2
5-320 candler,Stage 2
5-321 candler,Stage 2
5-322 candler,Stage 2
5-323 candler,Stage 2
5-324 candler,Stage 2
5-325 candler,Stage 2
5-326 candler,Stage 2
5-327 candler,Stage 2
5-328 candler,Stage 2
5-329 candler,Stage 2
5-330 candler,Stage 2
5-331 candler,Stage 2
5-332 candler,Stage 2
5-333 candler,Stage 2
5-334 candler,Stage 2
5-335 candler,Stage 2
5-336 candler,Stage 2
5-337 candler,Stage 2
5-338 candler,Stage 2
5-339 candler,Stage 2
5-340 candler,Stage 2
5-341 candler,Stage 2
5-342 candler,Stage 2
5-343 candler,Stage 2
5-344 candler,Stage 2
5-345 candler,Stage 2
5-346 candler,Stage 2
5-347 candler,Stage 2
5-348 candler,Stage 2
5-349 candler,Stage 2
5-350 candler,Stage 2
5-351 candler,Stage 2
5-352 candler,Stage 2
5-353 candler,Stage 2
5-354 candler,Stage 2
5-355 candler,Stage 2
5-356 candler,Stage 2
5-357 candler,Stage 2
5-358 candler,Stage 2
5-359 candler,Stage 2
5-360 candler,Stage 2
5-361 candler,Stage 2
5-362 candler,Stage 2
5-363 candler,Stage 2
5-364 candler,Stage 2
5-365 candler,Stage 2
5-366 candler,Stage 2
5-367 candler,Stage 2
5-368 candler,Stage 2
5-369 candler,Stage 2
5-370 candler,Stage 2
5-371 candler,Stage 2
5-372 candler,Stage 2
5-373 candler,Stage 2
5-374 candler,Stage 2
5-375 candler,Stage 2
5-376 candler,Stage 2
5-377 candler,Stage 2
5-378 candler,Stage 2
5-379 candler,Stage 2
5-380 candler,Stage 2
5-381 candler,Stage 2
5-382 candler,Stage 2
5-383 candler,Stage 2
5-384 candler,Stage 2
5-385 candler,Stage 2
5-386 candler,Stage 2
5-387 candler,Stage 2
5-388 candler,Stage 2
5-389 candler,Stage 2
5-390 candler,Stage 2
5-391 candler,Stage 2
5-392 candler,Stage 2
5-393 candler,Stage 2
5-394 candler,Stage 2
5-395 candler,Stage 2
5-396 candler,Stage 2
5-397 candler,Stage 2
5-398 candler,Stage 2
5-399 candler,Stage 2
5-400 candler,Stage 2
5-401 candler,Stage 2
5-402 candler,Stage 2
5-403 candler,Stage 2
5-404 candler,Stage 2
5-405 candler,Stage 2
5-406 candler,Stage 2
5-407 candler,Stage 2
5-408 candler,Stage 2
5-409 candler,Stage 2
5-410 candler,Stage 2
5-411 candler,Stage 2
5-412 candler,Stage 2
5-413 candler,Stage 2
5-414 candler,Stage 2
5-415 candler,Stage 2
5-416 candler,Stage 2
5-417 candler,Stage 2
5-418 candler,Stage 2
5-419 candler,Stage 2
5-420 candler,Stage 2
5-421 candler,Stage 2
5-422 candler,Stage 2
5-423 candler,Stage 2
5-424 candler,Stage 2
5-425 candler,Stage 2
5-426 candler,Stage 2
5-427 candler,Stage 2
5-428 candler,Stage 2
5-429 candler,Stage 2
5-430 candler,Stage 2
5-431 candler,Stage 2
5-432 candler,Stage 2
5-433 candler,Stage 2
5-434 candler,Stage 2
5-435 candler,Stage 2
5-436 candler,Stage 2
5-437 candler,Stage 2
5-438 candler,Stage 2
5-439 candler,Stage 2
5-440 candler,Stage 2
5-441 candler,Stage 2
5-442 candler,Stage 2
5-443 candler,Stage 2
5-444 candler,Stage 2
5-445 candler,Stage 2
5-446 candler,Stage 2
5-447 candler,Stage 2
5-448 candler,Stage 2
5-449 candler,Stage 2
5-450 candler,Stage 2
5-451 candler,Stage 2
5-452 candler,Stage 2
5-453 candler,Stage 2
5-454 candler,Stage 2
5-455 candler,Stage 2
5-456 candler,Stage 2
5-457 candler,Stage 2
5-458 candler,Stage 2
5-459 candler,Stage 2
5-460 candler,Stage 2
5-461 candler,Stage 2
5-462 candler,Stage 2
5-463 candler,Stage 2
5-464 candler,Stage 2
5-465 candler,Stage 2
5-466 candler,Stage 2
5-467 candler,Stage 2
5-468 candler,Stage 2
5-469 candler,Stage 2
5-470 candler,Stage 2
5-471 candler,Stage 2
5-472 candler,Stage 2
5-473 candler,Stage 2
5-474 candler,Stage 2
5-475 candler,Stage 2
5-476 candler,Stage 2
5-477 candler,Stage 2
5-478 candler,Stage 2
5-479 candler,Stage 2
5-480 candler,Stage 2
5-481 candler,Stage 2
5-482 candler,Stage 2
5-483 candler,Stage 2
5-484 candler,Stage 2
5-485 candler,Stage 2
5-486 candler,Stage 2
5-487 candler,Stage 2
5-488 candler,Stage 2
5-489 candler,Stage 2
5-490 candler,Stage 2
5-491 candler,Stage 2
5-492 candler,Stage 2
5-493 candler,Stage 2
5-494 candler,Stage 2
5-495 candler,Stage 2
5-496 candler,Stage 2
5-497 candler,Stage 2
5-498 candler,Stage 2
5-499 candler,Stage 2
5-500 candler,Stage 2
5-501 candler,Stage 2
5-502 candler,Stage 2
5-503 candler,Stage 2
