Image_Number,Length,Width,Weight,Shape_Index,Eccentricity
5-001 candler,60.4,45.3,68.8,75.0,0.6614378277661477
5-002 candler,54.9,42.5,53.6,77.41347905282332,0.6330207943612978
5-003 candler,57.0,45.1,63.5,79.12280701754386,0.6115211696797186
5-004 candler,54.4,43.1,52.5,79.2279411764706,0.6101584496618656
5-005 candler,60.3,45.5,66.2,75.45605306799337,0.6562304515488571
5-006 candler,54.5,43.1,52.5,79.08256880733944,0.6120414455600554
5-007 candler,56.1,43.8,58.0,78.07486631016042,0.6248452008818326
5-008 candler,56.9,43.0,58.9,75.57117750439367,0.6549043541311528
5-009 candler,55.0,44.3,58.1,80.54545454545455,0.5926575530663654
5-010 candler,56.8,45.5,62.5,80.1056338028169,0.5985889602263809
5-011 candler,58.5,43.0,59.0,73.50427350427351,0.6780207796674786
5-012 candler,52.6,43.5,55.2,82.69961977186313,0.5622075141430669
5-013 candler,58.6,45.8,66.7,78.15699658703072,0.6238175922891939
5-014 candler,56.4,45.3,63.4,80.31914893617021,0.5957209341771791
5-015 candler,56.5,44.6,60.8,78.93805309734515,0.6139042085863821
5-016 candler,55.6,43.5,56.5,78.23741007194245,0.622808772034781
5-017 candler,55.8,45.9,64.2,82.25806451612904,0.5686484698001353
5-018 candler,56.8,43.1,57.4,75.88028169014085,0.6513204165865581
5-019 candler,55.6,44.2,60.2,79.49640287769785,0.6066565691976601
5-020 candler,55.7,45.0,58.3,80.78994614003591,0.5893203375660895
5-021 candler,56.1,44.5,62.0,79.32263814616756,0.6089268492628784
5-022 candler,58.9,44.2,60.6,75.04244482173176,0.6609562372182705
5-023 candler,56.8,44.8,62.9,78.87323943661971,0.6147366997970478
5-024 candler,57.0,45.9,65.3,80.52631578947368,0.5929175714527241
5-025 candler,59.7,44.5,65.6,74.53936348408709,0.6666245788588314
5-026 candler,58.8,43.5,62.6,73.9795918367347,0.6728313303993904
5-027 candler,54.3,45.1,57.6,83.0570902394107,0.5569128981234309
5-028 candler,54.2,43.3,57.2,79.88929889298892,0.601473184970592
5-029 candler,60.5,44.5,63.9,73.55371900826447,0.677484348162618
5-030 candler,55.3,44.0,56.7,79.56600361663652,0.6057434331858152
5-031 candler,59.9,44.1,61.2,73.62270450751252,0.6767346142321593
5-032 candler,55.3,44.4,63.5,80.28933092224231,0.5961227507870056
5-033 candler,55.2,43.0,56.0,77.89855072463767,0.6270419280240398
5-034 candler,51.9,43.9,56.1,84.58574181117534,0.5334090627513919
5-035 candler,54.5,45.1,60.5,82.75229357798165,0.5614319110616652
5-036 candler,54.1,46.2,59.8,85.39741219963032,0.5203154802239148
5-037 candler,55.9,43.6,58.1,77.99642218246869,0.6258241068170916
5-038 candler,57.8,44.0,59.5,76.12456747404845,0.6484635862474504
5-039 candler,57.7,44.9,63.1,77.81629116117851,0.6280624833500797
5-040 candler,57.2,43.3,57.6,75.6993006993007,0.6534229773765883
5-041 candler,56.8,45.1,63.1,79.40140845070424,0.6078993614114457
5-042 candler,54.3,45.5,58.1,83.79373848987109,0.5457663776645733
5-043 candler,57.6,45.1,43.1,78.29861111111111,0.6220391867134246
5-044 candler,57.1,45.5,64.8,79.6847635726795,0.604180308713067
5-045 candler,56.4,44.1,45.0,78.19148936170212,0.6233851932311854
5-046 candler,58.7,45.3,65.1,77.17206132879045,0.6359617087738386
5-047 candler,52.4,43.6,53.8,83.20610687022901,0.5546840343384717
5-048 candler,54.6,46.5,64.2,85.16483516483517,0.5241136185357576
5-049 candler,61.3,45.0,66.8,73.40946166394781,0.6790471955769627
5-050 candler,59.1,43.7,60.5,73.9424703891709,0.6732392645075437
5-051 candler,57.8,45.5,64.6,78.71972318339101,0.6167013200837413
5-052 candler,55.6,44.5,60.3,80.03597122302159,0.5995200839327789
5-053 candler,57.6,44.0,61.6,76.38888888888889,0.6453477864160525
5-054 candler,57.3,45.6,65.8,79.58115183246073,0.6055444057225556
5-055 candler,59.1,44.7,62.9,75.63451776649747,0.6541727388258685
5-056 candler,57.5,46.4,67.3,80.69565217391305,0.5906108465162864
5-057 candler,55.5,44.5,53.6,80.18018018018019,0.5975900523162884
5-058 candler,51.6,42.9,52.3,83.13953488372093,0.5556813600723486
5-059 candler,51.8,44.0,56.2,84.94208494208495,0.5277160416068121
5-060 candler,55.4,45.8,59.5,82.67148014440433,0.56262121989251
5-061 candler,57.1,44.1,59.5,77.23292469352015,0.6352224290187688
5-062 candler,56.1,43.3,58.0,77.18360071301247,0.635821655888997
5-063 candler,59.6,45.6,68.0,76.51006711409396,0.6439106793800549
5-064 candler,56.2,43.5,56.6,77.40213523131672,0.6331594950431494
5-065 candler,57.6,43.5,60.2,75.52083333333333,0.6554848383173244
5-066 candler,55.4,44.8,62.1,80.86642599277978,0.5882704435167784
5-067 candler,59.7,44.6,66.3,74.7068676716918,0.6647468633009359
5-068 candler,55.1,45.5,60.1,82.57713248638838,0.5640050700415254
5-069 candler,56.2,43.5,58.0,77.40213523131672,0.6331594950431494
5-070 candler,56.7,44.8,62.8,79.01234567901234,0.6129477327064895
5-071 candler,56.7,44.1,59.5,77.77777777777779,0.6285393610547089
5-072 candler,57.0,44.5,61.9,78.0701754385965,0.6249038091567986
5-073 candler,55.6,43.6,56.9,78.41726618705036,0.6205426950459806
5-074 candler,53.8,44.0,57.6,81.78438661710038,0.5754401885222001
5-075 candler,57.3,44.8,57.8,78.1849912739965,0.6234666903279669
5-076 candler,56.7,43.4,57.6,76.5432098765432,0.6435166681443036
5-077 candler,52.8,46.1,61.6,87.31060606060606,0.48753031386054957
5-078 candler,57.3,44.9,63.4,78.35951134380454,0.6212718392105155
5-079 candler,58.4,44.1,62.5,75.513698630137,0.6555670308364239
5-080 candler,57.0,44.9,63.5,78.7719298245614,0.6160343392794249
5-081 candler,52.2,44.0,53.1,84.2911877394636,0.5380516396657946
5-082 candler,56.8,44.8,62.3,78.87323943661971,0.6147366997970478
5-083 candler,55.6,44.3,57.2,79.67625899280574,0.6042924584099442
5-084 candler,59.8,46.2,68.7,77.25752508361204,0.6349232093690587
5-085 candler,53.5,44.6,58.4,83.3644859813084,0.5523008670165414
5-086 candler,55.3,43.3,56.3,78.30018083182641,0.622019427486255
5-087 candler,56.0,44.2,60.0,78.92857142857143,0.6140261079339295
5-088 candler,54.4,45.2,62.1,83.08823529411765,0.5564481247797805
5-089 candler,57.7,45.7,65.6,79.20277296360484,0.6104851148779686
5-090 candler,55.9,45.8,65.6,81.93202146690518,0.5733361891897797
5-091 candler,53.7,46.0,61.6,85.6610800744879,0.5159631150065065
5-092 candler,62.3,45.3,70.2,72.71268057784911,0.6865031742959157
5-093 candler,56.3,46.0,66.9,81.70515097690941,0.5765646801392224
5-094 candler,54.8,44.1,59.0,80.47445255474453,0.593621300663493
5-095 candler,55.7,44.5,61.0,79.89228007181327,0.6014335861029833
5-096 candler,54.4,43.5,56.2,79.96323529411765,0.6004898834532999
5-097 candler,59.2,45.3,68.2,76.52027027027026,0.64378942502691
5-098 candler,57.9,44.6,62.1,77.0293609671848,0.6376893874753715
5-099 candler,54.8,42.4,54.9,77.37226277372264,0.6335245025469824
5-100 candler,55.9,45.6,64.4,81.5742397137746,0.5784153710889466
5-101 candler,58.1,43.1,58.0,74.18244406196214,0.670594139028508
5-102 candler,56.8,43.3,59.3,76.23239436619718,0.6471956465549339
5-103 candler,54.4,43.0,55.4,79.04411764705883,0.6125379551830175
5-104 candler,54.8,45.9,62.7,83.75912408759125,0.546297458540628
5-105 candler,56.5,43.8,58.7,77.5221238938053,0.6316898215891642
5-106 candler,54.2,45.3,59.3,83.57933579335793,0.5490441355975965
5-107 candler,57.5,44.4,62.5,77.21739130434783,0.6354112432237274
5-108 candler,55.7,46.0,61.2,82.58527827648115,0.563885787371536
5-109 candler,55.6,44.2,58.2,79.49640287769785,0.6066565691976601
5-110 candler,52.9,43.9,55.1,82.98676748582231,0.5579602514744277
5-111 candler,56.8,43.6,56.3,76.7605633802817,0.6409224531518425
5-112 candler,56.3,43.6,58.9,77.44227353463589,0.6326684969070796
5-113 candler,51.0,42.9,51.5,84.11764705882354,0.5407607098603964
5-114 candler,55.7,44.6,61.5,80.07181328545781,0.5990412938336374
5-115 candler,54.2,44.8,58.2,82.65682656826567,0.56283647906507
5-116 candler,58.8,45.2,65.2,76.87074829931973,0.6396005046826208
5-117 candler,55.7,44.6,59.5,80.07181328545781,0.5990412938336374
5-118 candler,44.2,43.9,58.1,99.32126696832579,0.11631247904096903
5-119 candler,57.5,43.6,58.3,75.82608695652175,0.6519512663429686
5-120 candler,55.6,45.3,62.0,81.47482014388488,0.5798149431087137
5-121 candler,53.1,45.6,60.4,85.87570621468926,0.5123829702603687
5-122 candler,52.1,44.6,63.1,85.6046065259117,0.5168995397119092
5-123 candler,54.8,43.6,59.5,79.56204379562044,0.6057954429561
5-124 candler,56.3,43.5,58.9,77.26465364120781,0.6348364590746338
5-125 candler,55.5,43.6,58.7,78.55855855855857,0.6187530102715886
5-126 candler,54.6,53.2,56.6,97.43589743589743,0.2249990868562083
5-127 candler,54.8,44.3,59.2,80.83941605839416,0.5886415557313163
5-128 candler,58.9,46.0,66.9,78.09847198641766,0.6245501319659404
5-129 candler,54.8,44.0,59.7,80.2919708029197,0.5960871936707824
5-130 candler,59.5,46.6,67.0,78.31932773109244,0.6217783289685912
5-131 candler,59.6,43.4,60.1,72.81879194630872,0.685377526585181
5-132 candler,58.4,46.3,65.7,79.28082191780823,0.6094711868527323
5-133 candler,56.2,43.7,63.1,77.75800711743773,0.628783931817958
5-134 candler,56.9,46.0,66.5,80.84358523725835,0.5885842952361321
5-135 candler,57.0,44.9,62.6,78.7719298245614,0.6160343392794249
5-136 candler,54.1,45.6,57.1,84.28835489833642,0.5380960163885333
5-137 candler,55.0,44.1,57.9,80.18181818181819,0.5975680742022494
5-138 candler,56.5,44.0,58.1,77.87610619469027,0.6273206583521161
5-139 candler,57.5,46.5,67.4,80.8695652173913,0.5882272878360961
5-140 candler,55.7,45.6,62.4,81.86714542190305,0.5742621788407258
5-141 candler,54.3,43.5,52.1,80.11049723756906,0.5985238702298714
5-142 candler,55.7,46.4,65.8,83.30341113105924,0.5532216277342847
5-143 candler,54.1,42.3,53.9,78.18853974121996,0.6234221886599536
5-144 candler,58.8,43.7,60.8,74.31972789115648,0.6690723463261995
5-145 candler,59.0,45.2,65.0,76.61016949152543,0.6427193734811287
5-146 candler,52.7,43.6,56.0,82.73244781783681,0.5617243165529608
5-147 candler,58.8,46.1,66.8,78.4013605442177,0.6207436399042349
5-148 candler,54.1,43.8,56.7,80.9611829944547,0.586965658973199
5-149 candler,54.5,43.8,56.7,80.36697247706421,0.5950756031691101
5-150 candler,54.5,44.2,59.5,81.10091743119267,0.5850334342427678
5-151 candler,53.3,45.6,59.5,85.55347091932458,0.5177454600145021
5-152 candler,55.4,43.9,59.0,79.2418772563177,0.609977449492576
5-153 candler,58.6,43.7,61.0,74.57337883959045,0.6662440370049794
5-154 candler,56.4,44.6,62.7,79.07801418439718,0.6121002918356011
5-155 candler,56.0,45.0,59.8,80.35714285714286,0.5952083325892484
5-156 candler,56.2,43.0,58.2,76.51245551601423,0.6438822990974316
5-157 candler,56.6,44.2,62.0,78.09187279151944,0.6246326443529145
5-158 candler,56.4,44.5,61.8,78.90070921985816,0.614384088710262
5-159 candler,53.1,43.4,53.7,81.73258003766477,0.5761757857101182
5-160 candler,55.8,43.2,56.3,77.41935483870968,0.6329489313015673
5-161 candler,54.4,45.7,61.1,84.00735294117648,0.5424725478599454
5-162 candler,57.5,43.4,57.8,75.47826086956522,0.6559750098979275
5-163 candler,59.7,45.3,66.1,75.87939698492463,0.6513307234580765
5-164 candler,55.9,44.7,58.4,79.96422182468694,0.6004767462585259
5-165 candler,58.2,43.7,59.1,75.08591065292096,0.6604624153895186
5-166 candler,55.4,44.3,58.9,79.96389891696751,0.6004810463284419
5-167 candler,58.3,44.1,60.9,75.64322469982848,0.6540720569640059
5-168 candler,54.4,45.1,60.1,82.90441176470588,0.5591831998502902
5-169 candler,56.9,43.9,59.7,77.15289982425307,0.6361941565834105
5-170 candler,59.0,45.7,67.8,77.45762711864407,0.6324805136246566
5-171 candler,56.3,44.7,61.5,79.39609236234459,0.607968791764022
5-172 candler,55.3,44.3,59.7,80.10849909584087,0.5985506137839692
5-173 candler,57.8,45.3,57.6,78.37370242214533,0.6210928085757403
5-174 candler,56.4,44.9,61.0,79.60992907801419,0.6051660261608837
5-175 candler,55.5,43.4,58.2,78.1981981981982,0.623301034697947
5-176 candler,56.5,43.8,56.2,77.5221238938053,0.6316898215891642
5-177 candler,55.8,45.1,61.3,80.82437275985663,0.5888480931425136
5-178 candler,53.9,45.8,61.9,84.9721706864564,0.5272314680319945
5-179 candler,57.1,45.3,65.6,79.33450087565673,0.6087722867222539
5-180 candler,57.8,44.5,61.6,76.98961937716263,0.6381691396612361
5-181 candler,55.2,45.3,60.7,82.06521739130433,0.5714280439843639
5-182 candler,57.7,45.3,63.3,78.50953206239167,0.6193749571418184
5-183 candler,57.8,43.3,59.0,74.91349480968859,0.6624174133730757
5-184 candler,54.7,43.6,60.2,79.70749542961609,0.6038803832165548
5-185 candler,56.6,44.2,61.8,78.09187279151944,0.6246326443529145
5-186 candler,53.0,42.8,53.3,80.75471698113206,0.5898029912858411
5-187 candler,55.1,44.3,60.2,80.39927404718694,0.5946391117884305
5-188 candler,59.9,43.3,61.0,72.28714524207011,0.6909825347106727
5-189 candler,56.2,44.2,57.7,78.64768683274022,0.617619733805456
5-190 candler,56.5,45.2,61.8,80.0,0.6
5-191 candler,56.0,44.3,61.2,79.10714285714285,0.6117237897106497
5-192 candler,60.0,46.1,71.7,76.83333333333333,0.6400499112482471
5-193 candler,54.8,44.6,58.9,81.38686131386862,0.5810489484954874
5-194 candler,55.3,44.8,61.0,81.0126582278481,0.5862549962992107
5-195 candler,60.2,44.2,63.3,73.421926910299,0.6789124132595242
5-196 candler,54.9,44.1,60.4,80.32786885245902,0.5956033483470474
5-197 candler,56.6,43.9,61.7,77.56183745583039,0.6312021364408826
5-198 candler,56.6,46.1,64.4,81.44876325088339,0.5801809170337772
5-199 candler,56.8,44.1,56.8,77.64084507042254,0.6302300513900178
5-200 candler,55.5,45.2,62.8,81.44144144144144,0.5802836906152252
5-201 candler,56.8,45.2,63.8,79.5774647887324,0.6055928580984137
5-202 candler,55.5,44.2,59.1,79.63963963963965,0.6047749827885027
5-203 candler,53.2,45.1,57.8,84.77443609022556,0.5304050325538269
5-204 candler,56.4,45.6,62.8,80.85106382978724,0.5884815611038012
5-205 candler,65.3,45.6,70.3,69.83154670750383,0.7157901287694396
5-206 candler,54.6,44.1,57.2,80.76923076923077,0.5896042198752266
5-207 candler,56.0,45.1,61.2,80.53571428571429,0.5927899058258158
5-208 candler,59.3,45.2,67.6,76.22259696458686,0.6473110312650445
5-209 candler,56.0,44.5,62.4,79.46428571428571,0.6070772023324847
5-210 candler,55.3,44.2,56.9,79.92766726943943,0.6009632272332294
5-211 candler,54.1,45.0,59.0,83.1792975970425,0.5550859799402825
5-212 candler,58.6,46.0,67.8,78.49829351535837,0.61951738596884
5-213 candler,57.6,43.4,61.0,75.34722222222221,0.6574797413909467
5-214 candler,54.5,42.8,53.5,78.5321100917431,0.6190886596068724
5-215 candler,60.0,43.9,62.7,73.16666666666667,0.6816625916748614
5-216 candler,56.6,45.2,62.4,79.85865724381625,0.601879960059701
5-217 candler,56.8,44.8,62.0,78.87323943661971,0.6147366997970478
5-218 candler,58.1,44.1,61.1,75.90361445783132,0.6510484860774117
5-219 candler,55.8,43.8,58.4,78.49462365591397,0.6195638834790509
5-220 candler,55.9,44.4,59.3,79.42754919499106,0.607557769177325
5-221 candler,56.3,45.1,60.5,80.10657193605685,0.5985764055367826
5-222 candler,57.7,45.5,62.1,78.85615251299826,0.614955869217195
5-223 candler,56.4,45.6,65.0,80.85106382978724,0.5884815611038012
5-224 candler,55.1,44.7,58.4,81.12522686025409,0.5846962944018296
5-225 candler,58.8,44.7,63.9,76.02040816326532,0.6496843497184264
5-226 candler,56.4,42.0,53.8,74.46808510638297,0.6674207294194946
5-227 candler,57.3,45.0,65.5,78.53403141361257,0.6190642866395795
5-228 candler,52.0,45.5,57.8,87.5,0.4841229182759271
5-229 candler,53.7,45.0,58.8,83.79888268156425,0.5456873886504464
5-230 candler,57.1,43.9,58.3,76.88266199649738,0.6394572921104535
5-231 candler,59.8,42.4,56.6,70.90301003344482,0.7051782163536551
5-232 candler,55.4,46.4,63.9,83.75451263537906,0.5463681554785316
5-233 candler,53.0,43.8,55.8,82.64150943396226,0.5630613570896449
5-234 candler,55.6,44.8,59.6,80.5755395683453,0.592248463338658
5-235 candler,59.3,44.6,65.3,75.21079258010118,0.6590399592948061
5-236 candler,58.1,44.8,63.1,77.10843373493975,0.6367330246613886
5-237 candler,56.8,46.2,65.8,81.3380281690141,0.5817323416810063
5-238 candler,57.5,44.4,63.1,77.21739130434783,0.6354112432237274
5-239 candler,57.4,43.9,60.3,76.4808362369338,0.6442578434523956
5-240 candler,57.9,45.6,65.3,78.75647668393782,0.6162318865761782
5-241 candler,56.8,43.2,56.0,76.05633802816902,0.6492636941755553
5-242 candler,58.3,44.1,59.1,75.64322469982848,0.6540720569640059
5-243 candler,57.6,44.3,61.7,76.90972222222221,0.6391318039106345
5-244 candler,51.8,43.4,55.8,83.78378378378379,0.5459191858574096
5-245 candler,56.6,44.7,63.2,78.97526501766785,0.6134254245944758
5-246 candler,55.8,44.3,60.6,79.39068100358423,0.6080394534721518
5-247 candler,60.9,44.6,68.0,73.23481116584564,0.6809304247500569
5-248 candler,56.4,45.0,61.4,79.7872340425532,0.6028264496386038
5-249 candler,55.7,45.7,61.8,82.04667863554758,0.5716941949045119
5-250 candler,53.6,45.7,61.9,85.26119402985076,0.5225446193966734
5-251 candler,55.7,43.8,60.7,78.63554757630162,0.617774283810455
5-252 candler,55.7,44.5,61.1,79.89228007181327,0.6014335861029833
5-253 candler,56.9,44.1,61.3,77.50439367311073,0.6319073477467622
5-254 candler,56.0,45.4,63.6,81.07142857142857,0.5854420098855014
5-255 candler,56.0,44.9,62.1,80.17857142857142,0.5976116367402388
5-256 candler,57.3,42.5,56.5,74.17102966841188,0.6707203856994034
5-257 candler,60.5,59.9,69.7,99.00826446280992,0.14048614453471614
5-258 candler,57.2,44.8,63.9,78.3216783216783,0.6217487197313353
5-259 candler,57.7,45.9,67.0,79.54939341421144,0.6059615505484663
5-260 candler,58.3,45.6,67.1,78.21612349914237,0.6230760808093109
5-261 candler,59.7,45.6,69.2,76.38190954773869,0.6454303908122908
5-262 candler,56.5,44.1,59.9,78.05309734513276,0.6251171086149564
5-263 candler,51.8,43.4,55.8,83.78378378378379,0.5459191858574096
5-264 candler,56.6,44.7,63.2,78.97526501766785,0.6134254245944758
5-265 candler,55.8,44.3,60.6,79.39068100358423,0.6080394534721518
5-266 candler,60.9,44.6,68.0,73.23481116584564,0.6809304247500569
5-267 candler,57.1,45.6,65.2,79.85989492119089,0.6018635379532764
5-268 candler,55.8,44.8,58.3,80.28673835125448,0.5961576674770864
5-269 candler,55.4,44.2,59.4,79.78339350180507,0.6028772778382122
5-270 candler,57.6,46.7,66.8,81.0763888888889,0.5853733137697391
5-271 candler,56.6,44.7,62.2,78.97526501766785,0.6134254245944758
5-272 candler,59.8,45.7,64.8,76.42140468227426,0.6449627048433165
5-273 candler,58.3,46.3,63.7,79.41680960548885,0.6076981448124995
5-274 candler,57.8,46.6,67.8,80.62283737024222,0.591604436627336
5-275 candler,58.4,44.6,62.0,76.36986301369863,0.64557292564581
5-276 candler,54.8,43.6,60.4,79.56204379562044,0.6057954429561
5-277 candler,57.0,45.4,64.7,79.64912280701753,0.6046500836080848
5-278 candler,55.9,44.5,59.2,79.60644007155635,0.6052119214897957
5-279 candler,54.7,46.5,63.2,85.0091407678245,0.526635166497282
5-280 candler,57.7,44.3,61.8,76.77642980935875,0.6407323798379952
5-281 candler,60.2,45.3,62.4,75.24916943521593,0.6586017384816232
5-282 candler,55.3,43.9,53.5,79.38517179023509,0.6081113795872319
5-283 candler,55.7,45.5,61.3,81.68761220825851,0.576813142335815
5-284 candler,55.2,44.6,56.8,80.79710144927536,0.5892222328965112
5-285 candler,57.8,44.9,63.5,77.68166089965398,0.6297268899984477
5-286 candler,56.3,46.4,65.0,82.41563055062167,0.5663624140904333
5-287 candler,56.2,45.5,63.3,80.96085409252669,0.5869701955473212
5-288 candler,55.9,44.3,60.3,79.24865831842575,0.6098893469088805
5-289 candler,55.7,45.9,61.2,82.40574506283662,0.5665062383274149
5-290 candler,55.6,44.7,58.6,80.39568345323741,0.5946876560083325
5-291 candler,55.7,44.8,60.0,80.43087971274684,0.5942115438657891
5-292 candler,58.2,45.0,63.2,77.31958762886597,0.6341672783187505
5-293 candler,57.1,45.6,65.2,79.85989492119089,0.6018635379532764
5-294 candler,55.8,43.8,58.3,78.49462365591397,0.6195638834790509
5-295 candler,54.4,44.0,58.4,80.88235294117648,0.5880514418568294
5-296 candler,56.6,44.7,62.2,78.97526501766785,0.6134254245944758
5-297 candler,59.0,45.7,66.8,77.45762711864407,0.6324805136246566
5-298 candler,58.6,45.3,64.1,77.3037542662116,0.6343602743196622
5-299 candler,59.1,45.0,65.1,76.14213197969542,0.6482573360623575
5-300 candler,53.9,44.8,59.8,83.11688311688312,0.5560201202235754
5-301 candler,53.7,45.9,60.8,85.47486033519553,0.5190422189647793
5-302 candler,59.0,45.4,65.8,76.94915254237287,0.6386570224314949
5-303 candler,55.7,43.9,58.4,78.81508078994614,0.6154821719655463
5-304 candler,58.2,45.0,62.3,77.31958762886597,0.6341672783187505
5-305 candler,53.1,43.5,55.6,81.92090395480226,0.5734950300768145
5-306 candler,54.5,46.9,60.3,86.05504587155963,0.5093652010143379
5-307 candler,54.6,46.0,60.3,84.24908424908425,0.5387106647534189
5-308 candler,59.7,45.6,67.9,76.38190954773869,0.6454303908122908
5-309 candler,56.3,45.6,62.7,80.99467140319716,0.586503470091023
5-310 candler,58.1,46.3,65.4,79.69018932874354,0.6041087422599519
5-311 candler,56.4,44.6,61.0,79.07801418439718,0.6121002918356011
5-312 candler,56.1,46.5,64.9,82.88770053475936,0.559430880454418
5-313 candler,58.1,45.0,63.0,77.4526678141136,0.6325412435941685
5-314 candler,55.2,44.6,59.6,80.79710144927536,0.5892222328965112
5-315 candler,54.9,45.6,61.3,83.06010928961749,0.5568678698575451
5-316 candler,56.6,43.3,55.6,76.50176678445229,0.6440092917697129
5-317 candler,54.3,44.9,57.1,82.68876611418048,0.5623671361765692
5-318 candler,54.3,44.7,55.9,82.3204419889503,0.5677450863498399
5-319 candler,58.1,44.5,63.6,76.592082616179,0.6429349018770416
5-320 candler,61.4,44.9,65.7,73.1270358306189,0.68208772387629
5-321 candler,56.3,44.6,59.7,79.21847246891652,0.6102813793400151
5-322 candler,55.7,44.1,57.7,79.17414721723519,0.6108563180015059
5-323 candler,55.3,45.0,61.0,81.374321880651,0.5812245468374683
5-324 candler,56.1,43.7,60.1,77.89661319073085,0.6270659975962385
5-325 candler,54.6,45.2,60.1,82.78388278388279,0.5609660195791146
5-326 candler,57.2,43.7,59.8,76.3986013986014,0.6452328032840255
5-327 candler,56.3,45.4,62.7,80.63943161634103,0.5913782265685352
5-328 candler,56.0,46.0,57.0,82.14285714285714,0.5703114079525469
5-329 candler,58.3,46.3,63.7,79.41680960548885,0.6076981448124995
5-330 candler,57.8,46.1,67.8,79.75778546712804,0.6032160191324151
5-331 candler,56.4,44.6,62.0,79.07801418439718,0.6121002918356011
5-332 candler,54.8,43.5,60.4,79.37956204379563,0.6081846043542372
5-333 candler,57.0,45.4,64.3,79.64912280701753,0.6046500836080848
5-334 candler,56.4,43.2,59.4,76.59574468085107,0.6428912736058777
5-335 candler,58.7,43.6,61.4,74.27597955706985,0.6695579781346603
5-336 candler,55.2,44.6,59.6,80.79710144927536,0.5892222328965112
5-337 candler,55.4,44.5,59.0,80.32490974729242,0.5956432551527238
5-338 candler,55.9,43.5,59.6,77.8175313059034,0.6280471177749918
5-339 candler,54.9,46.5,63.9,84.69945355191257,0.5316015959350954
5-340 candler,57.4,44.1,61.8,76.82926829268293,0.6400987059517418
5-341 candler,60.2,45.1,61.4,74.91694352159467,0.6623784094746894
5-342 candler,59.7,43.6,58.9,73.03182579564489,0.6831070502457559
5-343 candler,54.6,45.3,58.5,82.96703296703296,0.5582536556662452
5-344 candler,55.6,44.6,60.5,80.2158273381295,0.597111467354245
5-345 candler,55.2,45.6,61.8,82.6086956521739,0.5635426694267706
5-346 candler,57.2,44.0,54.0,76.92307692307692,0.6389710663783135
5-347 candler,58.3,43.5,56.2,74.61406518010291,0.6657883505513861
5-348 candler,55.3,43.5,55.7,78.6618444846293,0.6174394077377954
5-349 candler,56.2,44.1,58.8,78.46975088967972,0.6198788748869903
5-350 candler,59.8,45.2,66.1,75.58528428093646,0.654741536804411
5-351 candler,58.3,47.0,69.2,80.61749571183535,0.591677224942131
5-352 candler,58.5,44.8,65.0,76.58119658119658,0.643064563647549
5-353 candler,56.5,46.8,65.0,82.83185840707964,0.5602573723593033
5-354 candler,52.8,44.2,53.7,83.71212121212123,0.5470174368488745
5-355 candler,58.8,44.8,63.8,76.19047619047619,0.6476890718445448
5-356 candler,55.2,42.6,54.4,77.17391304347827,0.635939238100438
5-357 candler,56.6,46.1,65.5,81.44876325088339,0.5801809170337772
5-358 candler,55.6,44.9,61.0,80.75539568345323,0.5897936985089705
5-359 candler,57.4,45.0,63.2,78.397212543554,0.620796026517633
5-360 candler,57.9,46.5,67.4,80.31088082901555,0.5958323942576187
5-361 candler,56.9,44.4,60.8,78.03163444639719,0.625385003467771
5-362 candler,57.3,44.9,61.5,78.35951134380454,0.6212718392105155
5-363 candler,60.9,45.2,68.1,74.22003284072251,0.6701780901463487
5-364 candler,58.3,45.2,61.6,77.53001715265867,0.6315929417202549
5-365 candler,55.9,43.8,56.6,78.35420393559927,0.6213387743911142
5-366 candler,58.3,45.2,65.0,77.53001715265867,0.6315929417202549
5-367 candler,53.1,43.3,54.7,81.54425612052731,0.578837999249345
5-368 candler,54.5,45.3,58.5,83.11926605504587,0.5559844971283372
5-369 candler,58.9,44.8,62.3,76.06112054329371,0.6492076664441466
5-370 candler,55.3,43.1,54.7,77.93851717902352,0.6265450933440511
5-371 candler,57.1,46.1,66.4,80.73555166374781,0.5900653097370077
5-372 candler,55.4,45.9,60.5,82.85198555956678,0.5599596850521774
5-373 candler,52.8,43.9,53.8,83.14393939393939,0.5556154553337166
5-374 candler,56.4,44.0,59.4,78.01418439716312,0.625602672056748
5-375 candler,59.2,44.8,62.1,75.67567567567566,0.653696574186369
5-376 candler,55.8,40.8,51.7,73.11827956989248,0.6821815881962108
5-377 candler,55.3,45.5,58.6,82.27848101265823,0.5683530207757885
5-378 candler,55.1,44.1,59.8,80.03629764065336,0.5995157262304923
5-379 candler,55.7,44.1,58.8,79.17414721723519,0.6108563180015059
5-380 candler,52.6,42.9,54.2,81.55893536121673,0.5786311487247184
5-381 candler,56.8,43.8,56.8,77.11267605633803,0.6366816466202141
5-382 candler,57.7,44.5,61.0,77.12305025996532,0.63655597700429
5-383 candler,58.3,45.0,61.8,77.18696397941682,0.6357808263576539
5-384 candler,59.2,44.7,60.7,75.50675675675676,0.6556469845942989
5-385 candler,56.2,44.2,58.2,78.64768683274022,0.617619733805456
5-386 candler,52.1,43.1,53.7,82.72552783109404,0.5618262226940716
5-387 candler,56.6,44.0,60.0,77.73851590106007,0.6290248918366133
5-388 candler,58.8,44.5,60.4,75.68027210884354,0.6536433594500443
5-389 candler,55.9,46.0,65.3,82.28980322003578,0.5681890782132114
5-390 candler,60.0,44.8,67.6,74.66666666666666,0.6651983831075425
5-391 candler,50.5,43.0,49.9,85.14851485148515,0.5243787198758558
5-392 candler,55.4,42.9,57.4,77.43682310469315,0.6327352074487765
5-393 candler,57.4,45.1,63.6,78.57142857142858,0.6185895741317418
5-394 candler,59.8,44.3,63.4,74.08026755852842,0.6717227075554941
5-395 candler,58.1,46.8,64.5,80.55077452667814,0.5925852447667138
5-396 candler,53.9,42.9,54.3,79.59183673469387,0.6054039581302583
5-397 candler,58.5,46.8,67.0,80.0,0.6
5-398 candler,55.0,44.7,59.1,81.27272727272728,0.5826442998650971
5-399 candler,58.7,45.2,64.4,77.00170357751279,0.6380233260752193
5-400 candler,54.7,46.6,58.9,85.19195612431444,0.523672666053221
5-401 candler,61.0,45.8,68.5,75.08196721311475,0.6605072444272478
5-402 candler,56.0,43.3,58.1,77.32142857142857,0.634144832327243
5-403 candler,53.8,43.8,52.8,81.41263940520446,0.5806877082458478
5-404 candler,56.3,44.6,60.5,79.21847246891652,0.6102813793400151
5-405 candler,54.7,46.5,60.0,85.0091407678245,0.526635166497282
5-406 candler,53.8,42.8,52.4,79.5539033457249,0.6059023405185904
5-407 candler,55.3,45.4,62.8,82.09764918625679,0.570961995065373
5-408 candler,52.7,44.7,75.1,84.81973434535105,0.5296803437531052
5-409 candler,59.3,44.7,64.6,75.37942664418213,0.6571104959437465
5-410 candler,55.1,43.1,55.0,78.22141560798548,0.6230096420026584
5-411 candler,56.5,45.0,62.2,79.64601769911505,0.6046909842781065
5-412 candler,58.2,43.9,60.2,75.4295532646048,0.6565350329039682
5-413 candler,57.4,44.0,61.2,76.65505226480836,0.6421840049611558
5-414 candler,56.0,43.7,56.5,78.03571428571429,0.6253340943782265
5-415 candler,56.1,46.0,64.0,81.99643493761141,0.5724145925395385
5-416 candler,57.0,43.5,58.1,76.31578947368422,0.6462120609372987
5-417 candler,59.0,45.8,66.3,77.62711864406779,0.6303991157211297
5-418 candler,59.7,43.3,59.4,72.52931323283082,0.6884401732884211
5-419 candler,58.3,44.3,62.6,75.98627787307034,0.6500835004056436
5-420 candler,61.5,44.4,63.9,72.1951219512195,0.6919439548437823
5-421 candler,56.4,43.6,61.7,77.30496453900709,0.6343455255318553
5-422 candler,56.1,45.5,62.0,81.10516934046346,0.5849744871577518
5-423 candler,57.1,44.8,58.9,78.45884413309982,0.6200169172932258
5-424 candler,54.7,43.2,55.5,78.97623400365632,0.6134129492111916
5-425 candler,60.7,45.6,68.9,75.12355848434926,0.6600341628013323
5-426 candler,54.1,47.6,56.2,87.98521256931609,0.4752475532953602
5-427 candler,50.7,43.2,50.5,85.20710059171599,0.5234262134010098
5-428 candler,56.3,44.5,60.7,79.04085257548846,0.6125800865307245
5-429 candler,50.9,43.5,50.9,85.46168958742632,0.5192590502689757
5-430 candler,59.6,43.9,54.2,73.65771812080536,0.6763534993800197
5-431 candler,53.1,43.5,54.2,81.92090395480226,0.5734950300768145
5-432 candler,55.8,43.1,55.5,77.24014336917563,0.6351346512598091
5-433 candler,55.6,42.3,54.5,76.07913669064747,0.6489965300682106
5-434 candler,56.9,44.6,62.6,78.38312829525483,0.6209738479718465
5-435 candler,55.0,44.6,57.9,81.0909090909091,0.58517215097866
5-436 candler,53.9,43.3,53.1,80.3339517625232,0.5955213005608279
5-437 candler,54.0,52.6,59.1,97.4074074074074,0.22622930450482134
5-438 candler,57.5,43.1,56.1,74.95652173913044,0.6619304985246763
5-439 candler,55.7,44.3,59.0,79.53321364452422,0.6061738964500588
5-440 candler,59.6,45.1,64.4,75.67114093959731,0.6537490672191891
5-441 candler,57.2,41.4,52.8,72.37762237762237,0.6900347657156338
5-442 candler,56.9,44.7,61.0,78.55887521968367,0.6187489898349873
5-443 candler,58.0,46.3,66.6,79.82758620689656,0.6022919956616143
5-444 candler,59.0,46.7,70.9,79.15254237288136,0.611136239795123
5-445 candler,57.4,45.5,65.0,79.26829268292683,0.6096341341439018
5-446 candler,57.1,44.9,63.5,78.6339754816112,0.6177942942401919
5-447 candler,54.5,45.6,61.6,83.6697247706422,0.5476656970091319
5-448 candler,56.6,46.7,65.6,82.50883392226149,0.5650037455441045
5-449 candler,59.0,45.8,66.7,77.62711864406779,0.6303991157211297
5-450 candler,58.7,46.2,68.6,78.70528109028962,0.6168856237989747
5-451 candler,61.7,46.3,71.4,75.04051863857374,0.6609781057231675
5-452 candler,51.3,42.9,51.5,83.62573099415205,0.5483372243149025
5-453 candler,58.4,44.0,62.0,75.34246575342466,0.6575342465753424
5-454 candler,56.1,45.2,62.2,80.5704099821747,0.5923182451439669
5-455 candler,59.2,46.0,70.1,77.7027027027027,0.629467234468594
5-456 candler,54.4,44.3,57.7,81.43382352941177,0.5803905913590108
5-457 candler,55.4,45.8,63.7,82.67148014440433,0.56262121989251
5-458 candler,56.7,44.1,59.8,77.77777777777779,0.6285393610547089
5-459 candler,58.2,44.6,62.8,76.63230240549828,0.6424554636729508
5-460 candler,54.9,45.2,60.6,82.33151183970857,0.5675845450845123
5-461 candler,59.2,45.5,70.5,76.8581081081081,0.6397523910109572
5-462 candler,56.6,45.7,70.5,80.74204946996467,0.5899763933743262
5-463 candler,58.1,44.6,62.6,76.76419965576592,0.6408789005116104
5-464 candler,60.3,45.3,67.5,75.12437810945273,0.6600248339015722
5-465 candler,53.0,43.8,54.6,82.64150943396226,0.5630613570896449
5-466 candler,56.8,44.5,61.2,78.34507042253522,0.6214539355807475
5-467 candler,57.0,49.5,64.1,86.8421052631579,0.49582746530044136
5-468 candler,59.4,43.5,59.7,73.23232323232324,0.6809571817667048
5-469 candler,57.6,45.3,59.7,78.64583333333333,0.6176433355348018
5-470 candler,53.1,44.9,58.3,84.55743879472692,0.533857616268234
5-471 candler,58.3,43.0,55.8,73.75643224699829,0.6752768841145054
5-472 candler,58.1,45.1,63.2,77.62478485370052,0.6304278528441384
5-473 candler,54.0,45.0,56.9,83.33333333333334,0.5527707983925667
5-474 candler,57.9,45.4,63.2,78.41105354058722,0.6206211954691175
5-475 candler,56.9,43.7,58.6,76.80140597539544,0.6404329816774346
5-476 candler,58.2,43.2,55.1,74.22680412371135,0.6701030927835051
5-477 candler,58.9,45.1,63.9,76.5704584040747,0.6431924206479633
5-478 candler,56.0,44.0,57.0,78.57142857142857,0.618589574131742
5-479 candler,57.7,49.1,64.0,85.09532062391682,0.5252415071100912
5-480 candler,55.0,44.0,57.6,80.0,0.6
5-481 candler,58.1,44.4,61.8,76.41996557659208,0.6449797563701114
5-482 candler,58.7,44.9,62.1,76.49063032367972,0.6441415584082562
5-483 candler,57.2,45.4,63.4,79.37062937062936,0.6083011748558593
5-484 candler,56.1,44.3,59.6,78.96613190730837,0.6135429904739825
5-485 candler,54.6,44.8,58.0,82.05128205128204,0.5716281233232811
5-486 candler,54.3,42.6,49.9,78.45303867403317,0.6200903742851245
5-487 candler,55.1,44.2,58.7,80.21778584392015,0.5970851559282784
5-488 candler,56.6,46.2,65.6,81.62544169611307,0.5776925884858178
5-489 candler,56.4,45.8,63.4,81.20567375886525,0.583578490810683
5-490 candler,56.9,45.3,65.8,79.61335676625659,0.6051209320795924
5-491 candler,56.1,44.6,61.0,79.50089126559715,0.6065977487574199
5-492 candler,55.5,44.6,60.1,80.36036036036036,0.595164891668941
5-493 candler,58.9,45.5,67.7,77.24957555178268,0.6350199270156346
5-494 candler,58.5,45.8,66.1,78.2905982905983,0.6221400340196866
5-495 candler,55.9,44.7,61.5,79.96422182468694,0.6004767462585259
5-496 candler,55.3,44.7,61.5,80.83182640144666,0.5887457720108392
5-497 candler,57.4,46.8,66.7,81.53310104529616,0.5789951151726174
5-498 candler,56.7,45.8,66.0,80.77601410934744,0.5895112844218084
5-499 candler,57.4,46.8,66.9,81.53310104529616,0.5789951151726174
5-500 candler,58.4,45.5,66.7,77.91095890410959,0.6268877477381535
5-501 candler,56.3,42.7,54.6,75.8436944937833,0.6517464235063866
5-502 candler,57.6,44.0,60.3,76.38888888888889,0.6453477864160525
5-503 candler,58.2,45.8,62.9,78.69415807560136,0.6170275103082733
