Image_Number,Branch_Nodes
5-001 candler,22
5-002 candler,18
5-003 candler,32
5-004 candler,32
5-005 candler,21
5-006 candler,24
5-007 candler,19
5-008 candler,24
5-009 candler,5
5-010 candler,16
5-011 candler,7
5-012 candler,26
5-013 candler,11
5-014 candler,13
5-015 candler,24
5-016 candler,7
5-017 candler,12
5-018 candler,25
5-019 candler,13
5-020 candler,31
5-021 candler,14
5-022 candler,19
5-023 candler,21
5-024 candler,15
5-025 candler,12
5-026 candler,23
5-027 candler,12
5-028 candler,37
5-029 candler,39
5-030 candler,12
5-031 candler,10
5-032 candler,26
5-033 candler,14
5-034 candler,16
5-035 candler,32
5-036 candler,6
5-037 candler,7
5-038 candler,25
5-039 candler,18
5-040 candler,48
5-041 candler,7
5-042 candler,24
5-043 candler,16
5-044 candler,16
5-045 candler,18
5-046 candler,15
5-047 candler,13
5-048 candler,24
5-049 candler,12
5-050 candler,9
5-051 candler,8
5-052 candler,35
5-053 candler,6
5-054 candler,0
5-055 candler,22
5-056 candler,35
5-057 candler,25
5-058 candler,9
5-059 candler,19
5-060 candler,29
5-061 candler,9
5-062 candler,9
5-063 candler,19
5-064 candler,47
5-065 candler,28
5-066 candler,16
5-067 candler,24
5-068 candler,21
5-069 candler,35
5-070 candler,27
5-071 candler,31
5-072 candler,15
5-073 candler,46
5-074 candler,32
5-075 candler,4
5-076 candler,39
5-077 candler,13
5-078 candler,50
5-079 candler,39
5-080 candler,35
5-081 candler,29
5-082 candler,23
5-083 candler,33
5-084 candler,13
5-085 candler,12
5-086 candler,3
5-087 candler,22
5-088 candler,11
5-089 candler,14
5-090 candler,19
5-091 candler,15
5-092 candler,47
5-093 candler,7
5-094 candler,11
5-095 candler,22
5-096 candler,18
5-097 candler,30
5-098 candler,7
5-099 candler,14
5-100 candler,27
5-101 candler,9
5-102 candler,13
5-103 candler,16
5-104 candler,7
5-105 candler,13
5-106 candler,19
5-107 candler,3
5-108 candler,9
5-109 candler,11
5-110 candler,16
5-111 candler,15
5-112 candler,16
5-113 candler,4
5-114 candler,4
5-115 candler,6
5-116 candler,11
5-117 candler,13
5-118 candler,12
5-119 candler,8
5-120 candler,15
5-121 candler,20
5-122 candler,8
5-123 candler,14
5-124 candler,22
5-125 candler,7
5-126 candler,4
5-127 candler,18
5-128 candler,18
5-129 candler,21
5-130 candler,13
5-131 candler,17
5-132 candler,26
5-133 candler,11
5-134 candler,0
5-135 candler,28
5-136 candler,12
5-137 candler,14
5-138 candler,19
5-139 candler,32
5-140 candler,0
5-141 candler,17
5-142 candler,8
5-143 candler,19
5-144 candler,13
5-145 candler,7
5-146 candler,13
5-147 candler,3
5-148 candler,14
5-149 candler,14
5-150 candler,4
5-151 candler,4
5-152 candler,15
5-153 candler,15
5-154 candler,20
5-155 candler,10
5-156 candler,7
5-157 candler,11
5-158 candler,5
5-159 candler,31
5-160 candler,14
5-161 candler,14
5-162 candler,8
5-163 candler,12
5-164 candler,27
5-165 candler,22
5-166 candler,19
5-167 candler,2
5-168 candler,12
5-169 candler,4
5-170 candler,24
5-171 candler,18
5-172 candler,3
5-173 candler,9
5-174 candler,18
5-175 candler,32
5-176 candler,21
5-177 candler,9
5-178 candler,16
5-179 candler,7
5-180 candler,7
5-181 candler,24
5-182 candler,11
5-183 candler,54
5-184 candler,11
5-185 candler,9
5-186 candler,13
5-187 candler,18
5-188 candler,7
5-189 candler,12
5-190 candler,4
5-191 candler,11
5-192 candler,13
5-193 candler,6
5-194 candler,4
5-195 candler,4
5-196 candler,8
5-197 candler,19
5-198 candler,10
5-199 candler,7
5-200 candler,28
5-201 candler,1
5-202 candler,9
5-203 candler,11
5-204 candler,19
5-205 candler,34
5-206 candler,6
5-207 candler,15
5-208 candler,34
5-209 candler,8
5-210 candler,0
5-211 candler,50
5-212 candler,12
5-213 candler,11
5-214 candler,10
5-215 candler,15
5-216 candler,10
5-217 candler,38
5-218 candler,11
5-219 candler,8
5-220 candler,15
5-221 candler,15
5-222 candler,26
5-223 candler,22
5-224 candler,7
5-225 candler,7
5-226 candler,14
5-227 candler,39
5-228 candler,23
5-229 candler,20
5-230 candler,13
5-231 candler,8
5-232 candler,10
5-233 candler,14
5-234 candler,37
5-235 candler,10
5-236 candler,6
5-237 candler,14
5-238 candler,9
5-239 candler,7
5-240 candler,19
5-241 candler,11
5-242 candler,12
5-243 candler,7
5-244 candler,20
5-245 candler,15
5-246 candler,23
5-247 candler,3
5-248 candler,12
5-249 candler,26
5-250 candler,5
5-251 candler,16
5-252 candler,24
5-253 candler,18
5-254 candler,10
5-255 candler,29
5-256 candler,22
5-257 candler,27
5-258 candler,7
5-259 candler,12
5-260 candler,7
5-261 candler,8
5-262 candler,13
5-263 candler,9
5-264 candler,30
5-265 candler,34
5-266 candler,17
5-267 candler,14
5-268 candler,13
5-269 candler,16
5-270 candler,5
5-271 candler,38
5-272 candler,15
5-273 candler,13
5-274 candler,18
5-275 candler,7
5-276 candler,17
5-277 candler,21
5-278 candler,26
5-279 candler,15
5-280 candler,22
5-281 candler,4
5-282 candler,30
5-283 candler,10
5-284 candler,22
5-285 candler,20
5-286 candler,5
5-287 candler,8
5-288 candler,9
5-289 candler,13
5-290 candler,0
5-291 candler,7
5-292 candler,4
5-293 candler,7
5-294 candler,6
5-295 candler,6
5-296 candler,17
5-297 candler,17
5-298 candler,11
5-299 candler,7
5-300 candler,14
5-301 candler,21
5-302 candler,15
5-303 candler,18
5-304 candler,23
5-305 candler,22
5-306 candler,33
5-307 candler,28
5-308 candler,10
5-309 candler,24
5-310 candler,3
5-311 candler,7
5-312 candler,3
5-313 candler,14
5-314 candler,13
5-315 candler,30
5-316 candler,18
5-317 candler,21
5-318 candler,7
5-319 candler,9
5-320 candler,14
5-321 candler,15
5-322 candler,18
5-323 candler,15
5-324 candler,22
5-325 candler,7
5-326 candler,10
5-327 candler,36
5-328 candler,6
5-329 candler,7
5-330 candler,6
5-331 candler,9
5-332 candler,1
5-333 candler,0
5-334 candler,11
5-335 candler,4
5-336 candler,36
5-337 candler,24
5-338 candler,19
5-339 candler,5
5-340 candler,24
5-341 candler,18
5-342 candler,17
5-343 candler,19
5-344 candler,20
5-345 candler,14
5-346 candler,26
5-347 candler,11
5-348 candler,29
5-349 candler,6
5-350 candler,0
5-351 candler,1
5-352 candler,7
5-353 candler,14
5-354 candler,0
5-355 candler,1
5-356 candler,9
5-357 candler,18
5-358 candler,8
5-359 candler,30
5-360 candler,9
5-361 candler,7
5-362 candler,19
5-363 candler,0
5-364 candler,5
5-365 candler,16
5-366 candler,11
5-367 candler,5
5-368 candler,30
5-369 candler,22
5-370 candler,9
5-371 candler,18
5-372 candler,29
5-373 candler,14
5-374 candler,15
5-375 candler,9
5-376 candler,8
5-377 candler,9
5-378 candler,14
5-379 candler,16
5-380 candler,24
5-381 candler,18
5-382 candler,1
5-383 candler,21
5-384 candler,18
5-385 candler,4
5-386 candler,1
5-387 candler,3
5-388 candler,31
5-389 candler,29
5-390 candler,0
5-391 candler,24
5-392 candler,16
5-393 candler,10
5-394 candler,4
5-395 candler,17
5-396 candler,9
5-397 candler,11
5-398 candler,3
5-399 candler,13
5-400 candler,4
5-401 candler,14
5-402 candler,6
5-403 candler,6
5-404 candler,7
5-405 candler,7
5-406 candler,14
5-407 candler,15
5-408 candler,17
5-409 candler,1
5-410 candler,4
5-411 candler,10
5-412 candler,4
5-413 candler,17
5-414 candler,19
5-415 candler,23
5-416 candler,15
5-417 candler,4
5-418 candler,43
5-419 candler,21
5-420 candler,14
5-421 candler,14
5-422 candler,10
5-423 candler,18
5-424 candler,13
5-425 candler,7
5-426 candler,10
5-427 candler,8
5-428 candler,18
5-429 candler,49
5-430 candler,18
5-431 candler,10
5-432 candler,0
5-433 candler,14
5-434 candler,26
5-435 candler,17
5-436 candler,24
5-437 candler,27
5-438 candler,14
5-439 candler,13
5-440 candler,12
5-441 candler,28
5-442 candler,18
5-443 candler,20
5-444 candler,11
5-445 candler,12
5-446 candler,3
5-447 candler,22
5-448 candler,55
5-449 candler,5
5-450 candler,12
5-451 candler,21
5-452 candler,23
5-453 candler,16
5-454 candler,8
5-455 candler,25
5-456 candler,33
5-457 candler,10
5-458 candler,3
5-459 candler,11
5-460 candler,9
5-461 candler,22
5-462 candler,11
5-463 candler,8
5-464 candler,12
5-465 candler,9
5-466 candler,8
5-467 candler,10
5-468 candler,4
5-469 candler,13
5-470 candler,46
5-471 candler,41
5-472 candler,28
5-473 candler,16
5-474 candler,33
5-475 candler,15
5-476 candler,4
5-477 candler,6
5-478 candler,19
5-479 candler,0
5-480 candler,16
5-481 candler,4
5-482 candler,14
5-483 candler,6
5-484 candler,7
5-485 candler,18
5-486 candler,7
5-487 candler,25
5-488 candler,4
5-489 candler,9
5-490 candler,7
5-491 candler,7
5-492 candler,38
5-493 candler,11
5-494 candler,30
5-495 candler,28
5-496 candler,19
5-497 candler,0
5-498 candler,15
5-499 candler,34
5-500 candler,5
5-501 candler,10
5-502 candler,4
5-503 candler,19
