Image_Number,GLCM_Energy,GLCM_Contrast,GLCM_Correlation,GLCM_Homogeneity,GLCM_Entropy
5-001 candler,0.877680873,3.368838028,0.585036893,0.932623239,0.738163614
5-002 candler,0.898406677,2.797432787,0.589468221,0.944051344,0.640384624
5-003 candler,0.86475206,3.163664432,0.663478595,0.936726711,0.78680819
5-004 candler,0.895311915,2.74122882,0.61587874,0.945175424,0.653289817
5-005 candler,0.867049674,3.306802021,0.635884941,0.93386396,0.780592035
5-006 candler,0.895731416,2.559506021,0.647533732,0.94880988,0.648333732
5-007 candler,0.893919762,2.920589159,0.588645605,0.941588217,0.661917852
5-008 candler,0.902232238,2.733956357,0.581502831,0.945320873,0.622244363
5-009 candler,0.904664623,2.877753403,0.535119255,0.942444932,0.612144835
5-010 candler,0.94688059,1.291537094,0.661082773,0.974169258,0.38169844
5-011 candler,0.901612947,2.842669374,0.562106781,0.943146613,0.626103753
5-012 candler,0.894962693,2.818615171,0.602912843,0.943627697,0.656016975
5-013 candler,0.899201924,3.002770401,0.542492268,0.939944592,0.63877343
5-014 candler,0.933137358,1.648810202,0.652242752,0.967023796,0.458774856
5-015 candler,0.895115028,3.165625875,0.533066257,0.936687482,0.659119906
5-016 candler,0.907795805,2.583401848,0.58154193,0.948331963,0.594607149
5-017 candler,0.862533797,3.471052024,0.627687986,0.93057896,0.801324581
5-018 candler,0.883964079,2.909342648,0.635318177,0.941813147,0.704504302
5-019 candler,0.893377818,2.939953804,0.587644913,0.941200924,0.664741048
5-020 candler,0.880270648,2.878019744,0.654251234,0.942439605,0.719368962
5-021 candler,0.863194189,3.286294141,0.651387341,0.934274117,0.795280078
5-022 candler,0.899193653,3.069653588,0.528164573,0.938606928,0.63920288
5-023 candler,0.886198223,3.1215171,0.589114267,0.937569658,0.698460337
5-024 candler,0.887459961,3.183986851,0.571631524,0.936320263,0.693707468
5-025 candler,0.93151641,1.703123449,0.648018904,0.965937531,0.467849061
5-026 candler,0.902244643,2.938989259,0.537186126,0.941220215,0.624154668
5-027 candler,0.876049788,3.077773978,0.63840721,0.93844452,0.740389536
5-028 candler,0.890999208,2.816236912,0.621852282,0.943675262,0.673223014
5-029 candler,0.861190612,3.463899941,0.633186349,0.930722001,0.806302259
5-030 candler,0.879034385,3.084045782,0.626161616,0.938319084,0.728210735
5-031 candler,0.888722525,3.016954187,0.596071953,0.939660916,0.686096752
5-032 candler,0.868395948,3.716461918,0.568667164,0.925670762,0.781069597
5-033 candler,0.899911343,2.798413132,0.581124841,0.944031737,0.633560785
5-034 candler,0.912965204,2.582234537,0.548028847,0.948355309,0.569997556
5-035 candler,0.893679466,2.901760958,0.593421449,0.941964781,0.662889016
5-036 candler,0.899247937,2.90566654,0.562711654,0.941886669,0.637688943
5-037 candler,0.905190062,3.022974697,0.497524554,0.939540506,0.610270499
5-038 candler,0.900703893,2.937117348,0.547322752,0.941257653,0.631302617
5-039 candler,0.896036792,3.095856951,0.542006217,0.938082861,0.654305276
5-040 candler,0.877535837,3.103045525,0.62892341,0.93793909,0.734654439
5-041 candler,0.893443917,3.115297962,0.5530917,0.937694041,0.666190609
5-042 candler,0.867006574,3.321820568,0.633851149,0.933563589,0.781072278
5-043 candler,0.899902166,2.849323008,0.570675386,0.94301354,0.633999376
5-044 candler,0.885005568,3.298700816,0.562894021,0.934025984,0.70567972
5-045 candler,0.915385932,2.614442235,0.521813788,0.947711155,0.558350424
5-046 candler,0.901524357,2.914077348,0.547252043,0.941718453,0.627201224
5-047 candler,0.901507834,2.498861533,0.632891,0.950022769,0.622116053
5-048 candler,0.865640544,3.682837497,0.585194315,0.92634325,0.7921895
5-049 candler,0.898406984,2.847752424,0.579368379,0.943044952,0.640832772
5-050 candler,0.954095037,1.219163822,0.619872493,0.975616724,0.341308408
5-051 candler,0.899334191,2.894098012,0.564610073,0.94211804,0.637230056
5-052 candler,0.893397725,2.740018247,0.624918786,0.945199635,0.661654988
5-053 candler,0.898856992,3.081323687,0.527730782,0.938373526,0.641054413
5-054 candler,0.895239375,3.221282113,0.520707379,0.935574358,0.658760824
5-055 candler,0.881583571,3.130428989,0.608175561,0.93739142,0.71823104
5-056 candler,0.926038167,1.526702641,0.722544635,0.969465947,0.489738218
5-057 candler,0.932729134,1.37137619,0.727847438,0.972572476,0.454145569
5-058 candler,0.894905552,2.898658161,0.587818814,0.942026837,0.657342322
5-059 candler,0.95030897,1.140539813,0.686267092,0.977189204,0.360448116
5-060 candler,0.931881283,1.786982488,0.621984397,0.96426035,0.46751539
5-061 candler,0.92433896,2.151405046,0.576386797,0.956971899,0.50963321
5-062 candler,0.908366864,2.771706053,0.534563455,0.944565879,0.593673528
5-063 candler,0.88241248,3.251269549,0.583803843,0.934974609,0.716533983
5-064 candler,0.856321984,3.527447094,0.640005853,0.929451058,0.826351216
5-065 candler,0.893264814,2.744114181,0.624772965,0.945117716,0.662279286
5-066 candler,0.878953803,3.2874054,0.593142712,0.934251892,0.731501343
5-067 candler,0.869112827,3.693675469,0.569225405,0.926126491,0.777864821
5-068 candler,0.87055919,3.212191157,0.637647575,0.935756177,0.764922347
5-069 candler,0.893733918,2.900352511,0.593438677,0.94199295,0.662513713
5-070 candler,0.877579322,3.413378667,0.578044894,0.931732427,0.738963956
5-071 candler,0.877772191,3.162161185,0.6185724,0.936756776,0.734659381
5-072 candler,0.885084045,3.288518164,0.564325402,0.934229637,0.705369154
5-073 candler,0.886224147,2.963047223,0.616844019,0.940739056,0.696169286
5-074 candler,0.884231457,2.979437727,0.622478247,0.940411245,0.704788088
5-075 candler,0.892931646,3.05037998,0.568686002,0.9389924,0.667888003
5-076 candler,0.889067994,2.901554807,0.615194779,0.941968904,0.682956049
5-077 candler,0.883202652,3.098468071,0.606649042,0.938030639,0.710954202
5-078 candler,0.884870292,3.176119259,0.585629868,0.936477615,0.70485099
5-079 candler,0.876910524,3.067200091,0.636896559,0.938655998,0.736639349
5-080 candler,0.887035395,3.183327017,0.573889215,0.93633346,0.695495822
5-081 candler,0.883417365,2.836414122,0.64933686,0.943271718,0.705642458
5-082 candler,0.86556733,3.580020848,0.601020541,0.928399583,0.790931119
5-083 candler,0.884828703,3.21407962,0.579053894,0.935718408,0.705531027
5-084 candler,0.888580984,3.523696501,0.499628704,0.92952607,0.691171836
5-085 candler,0.892682513,3.106559871,0.55901218,0.937868803,0.669676635
5-086 candler,0.902211545,2.801027638,0.567415248,0.943979447,0.623087482
5-087 candler,0.912449559,2.484367016,0.575095191,0.95031266,0.571667678
5-088 candler,0.901134254,3.00238067,0.530312821,0.939952387,0.629929861
5-089 candler,0.946172888,1.401131143,0.628609187,0.971977377,0.38750661
5-090 candler,0.904986454,3.117574651,0.476102609,0.937648507,0.611681306
5-091 candler,0.906780578,2.816902012,0.53487006,0.94366196,0.601608211
5-092 candler,0.871501743,3.030901727,0.661059344,0.939381965,0.757725261
5-093 candler,0.897492912,3.208041053,0.509055764,0.935839179,0.648083879
5-094 candler,0.885686448,3.141868861,0.587854854,0.937162623,0.701059727
5-095 candler,0.895644257,3.114811928,0.540471048,0.937703761,0.656116332
5-096 candler,0.904534153,2.899347337,0.531057565,0.942013053,0.612911808
5-097 candler,0.86859867,3.465862513,0.606698656,0.93068275,0.777153561
5-098 candler,0.910207273,2.378391894,0.612811345,0.952432162,0.580800458
5-099 candler,0.918678863,2.384431213,0.556668818,0.952311376,0.540211311
5-100 candler,0.896725157,3.273421746,0.499867871,0.934531565,0.652021827
5-101 candler,0.895646184,3.530575472,0.449892197,0.929388491,0.657669796
5-102 candler,0.913011222,2.882248095,0.470448596,0.942355038,0.570900175
5-103 candler,0.92051297,2.535080145,0.50069293,0.949298397,0.531954804
5-104 candler,0.902307664,3.371919006,0.434948929,0.93256162,0.624800898
5-105 candler,0.888041125,3.42625332,0.5223046,0.931474934,0.693222859
5-106 candler,0.911137033,3.019229371,0.449983324,0.939615413,0.580612583
5-107 candler,0.920077456,2.880756134,0.400977898,0.942384877,0.533500459
5-108 candler,0.893615892,3.464446918,0.479235463,0.930711062,0.667475467
5-109 candler,0.914679576,2.835566195,0.468399969,0.943288676,0.562560224
5-110 candler,0.914735737,2.822388335,0.471552341,0.943552233,0.562188127
5-111 candler,0.909570178,2.976194235,0.474801966,0.940476115,0.588667521
5-112 candler,0.914700544,3.020465524,0.415721664,0.93959069,0.561860052
5-113 candler,0.916493666,2.846416204,0.448570527,0.943071676,0.553012603
5-114 candler,0.92136073,2.767883985,0.422608111,0.94464232,0.526957572
5-115 candler,0.90340472,3.222683036,0.462900316,0.935546339,0.619323766
5-116 candler,0.90248423,3.107312247,0.497355087,0.937853755,0.62375405
5-117 candler,0.904705303,3.240944698,0.447759193,0.935181106,0.612909691
5-118 candler,0.904798803,3.156724519,0.467946538,0.93686551,0.612670825
5-119 candler,0.917894168,2.906081099,0.416899957,0.941878378,0.545106002
5-120 candler,0.899891897,3.417122489,0.443633567,0.93165755,0.636834895
5-121 candler,0.901859604,3.440294907,0.421723073,0.931194102,0.626504768
5-122 candler,0.905569782,3.169347878,0.458650789,0.936613042,0.608558883
5-123 candler,0.911357009,2.963265412,0.463085568,0.940734692,0.579482331
5-124 candler,0.907936984,2.982968626,0.486277591,0.940340627,0.596784339
5-125 candler,0.927139365,2.56560854,0.423425435,0.948687829,0.496512842
5-126 candler,0.905005984,3.056537423,0.490799699,0.938869252,0.611385255
5-127 candler,0.903699447,3.089450096,0.49264925,0.938210998,0.617964048
5-128 candler,0.869837398,3.903681574,0.53162875,0.921926369,0.77692611
5-129 candler,0.897160066,3.435382646,0.460416209,0.931292347,0.650297197
5-130 candler,0.886343413,3.830561192,0.45083948,0.923388776,0.702314207
5-131 candler,0.91764787,2.928430418,0.412717332,0.941431392,0.546259277
5-132 candler,0.881921236,3.916648768,0.462460398,0.921667025,0.723063723
5-133 candler,0.916884174,2.972179559,0.407510352,0.940556409,0.550199731
5-134 candler,0.889862829,3.669610733,0.460821974,0.926607785,0.68543758
5-135 candler,0.916553186,2.917362972,0.427336825,0.941652741,0.552279737
5-136 candler,0.892429352,3.488001543,0.482202354,0.930239969,0.673172008
5-137 candler,0.906401901,3.192760304,0.445640492,0.936144794,0.604579255
5-138 candler,0.891059047,3.811691611,0.420830425,0.923766168,0.67931944
5-139 candler,0.89637816,3.419979259,0.46964779,0.931600415,0.654155283
5-140 candler,0.900745083,3.398053527,0.441346642,0.932038929,0.632714625
5-141 candler,0.907087215,3.208877695,0.435500001,0.935822446,0.601039328
5-142 candler,0.887424988,3.862353578,0.436549892,0.922752928,0.69701245
5-143 candler,0.900620576,3.437286156,0.432804139,0.931254277,0.633141809
5-144 candler,0.899374154,3.343509301,0.465094501,0.933129814,0.639545082
5-145 candler,0.890070434,3.72166121,0.448123493,0.925566776,0.684401691
5-146 candler,0.906962866,3.005029785,0.488384718,0.939899404,0.601720848
5-147 candler,0.906435042,3.386593341,0.394083257,0.932268133,0.603319152
5-148 candler,0.920720414,2.822188956,0.412436911,0.943556221,0.530256366
5-149 candler,0.911793976,2.970970491,0.457193533,0.94058059,0.577200201
5-150 candler,0.922396297,2.788194366,0.404396483,0.944236113,0.521493465
5-151 candler,0.912865606,2.982299764,0.444448072,0.940354005,0.571388569
5-152 candler,0.878464118,4.0395072,0.46007314,0.919209856,0.739166971
5-153 candler,0.909160725,3.09935437,0.446152317,0.938012913,0.590451892
5-154 candler,0.886772663,3.680068755,0.479146571,0.926398625,0.700182231
5-155 candler,0.896514936,3.478468191,0.455354663,0.930430636,0.653379429
5-156 candler,0.896797347,3.385179627,0.474514613,0.932296407,0.651997454
5-157 candler,0.901815219,3.351765872,0.444016094,0.932964683,0.62730312
5-158 candler,0.915470867,3.131530467,0.374131775,0.937369391,0.55676302
5-159 candler,0.924372978,2.485058449,0.479338401,0.950298831,0.511767143
5-160 candler,0.917658178,2.755563081,0.463688877,0.944888738,0.54690496
5-161 candler,0.88753326,3.442576862,0.522018856,0.931148463,0.695714701
5-162 candler,0.90697695,3.204113652,0.437761981,0.935917727,0.601463706
5-163 candler,0.903588475,3.193830182,0.468448608,0.936123396,0.61858419
5-164 candler,0.882236169,3.79909308,0.483672725,0.924018138,0.721467508
5-165 candler,0.891585365,3.477955071,0.489955121,0.930440899,0.677065638
5-166 candler,0.898717715,3.363773787,0.465339523,0.932724524,0.642658173
5-167 candler,0.895599238,3.485399075,0.460542733,0.930292018,0.657891268
5-168 candler,0.893483493,3.297398454,0.515677921,0.934052031,0.66750189
5-169 candler,0.920716236,2.82784983,0.41060202,0.943443003,0.530510393
5-170 candler,0.893498236,3.562776398,0.458436145,0.928744472,0.668121167
5-171 candler,0.90499704,3.294978061,0.431468251,0.934100439,0.611417872
5-172 candler,0.90374758,3.337495563,0.431373849,0.933250089,0.617698062
5-173 candler,0.88951666,3.874654921,0.418446306,0.922506902,0.686727358
5-174 candler,0.90468445,3.165634151,0.466672905,0.936687317,0.613191919
5-175 candler,0.890166645,3.437034863,0.507430344,0.931259303,0.683563141
5-176 candler,0.911539605,3.028335373,0.443854276,0.939433293,0.578568014
5-177 candler,0.882292312,3.844548608,0.474450477,0.923109028,0.721128249
5-178 candler,0.903286992,3.291862474,0.446735432,0.934162751,0.62008271
5-179 candler,0.901716299,3.451958987,0.419907486,0.93096082,0.6275563
5-180 candler,0.902130342,3.381295112,0.434091517,0.932374098,0.625697043
5-181 candler,0.899997545,3.262719955,0.479261597,0.934745601,0.636426464
5-182 candler,0.898050043,3.331345644,0.477715366,0.933373087,0.645824838
5-183 candler,0.898568576,3.273896495,0.48705595,0.93452207,0.64317815
5-184 candler,0.919105732,2.775497274,0.443764099,0.944490055,0.539321449
5-185 candler,0.88969811,3.754640469,0.44357069,0.924907191,0.686264245
5-186 candler,0.910203302,2.98610227,0.466950161,0.940277955,0.585386442
5-187 candler,0.894684205,3.280498592,0.511635851,0.934390028,0.661893416
5-188 candler,0.922706625,2.829088993,0.3872824,0.94341822,0.519330508
5-189 candler,0.897106522,3.480340101,0.450425916,0.930393198,0.65053899
5-190 candler,0.912695434,3.053149475,0.426147175,0.93893701,0.572359517
5-191 candler,0.921132808,2.729076448,0.437059862,0.945418471,0.528727567
5-192 candler,0.937660059,1.913721298,0.530977988,0.961725574,0.438846352
5-193 candler,0.924920643,2.684415429,0.409420879,0.946311691,0.508013589
5-194 candler,0.902140225,3.124836581,0.495737108,0.937503268,0.625542675
5-195 candler,0.907952325,3.1411526,0.445699234,0.937176948,0.596660079
5-196 candler,0.923318265,2.869465985,0.366032038,0.94261068,0.515488801
5-197 candler,0.916462798,2.971212756,0.412221494,0.940575745,0.552548527
5-198 candler,0.899182751,3.459919121,0.439022296,0.930801618,0.640255914
5-199 candler,0.891242122,3.552943601,0.476319287,0.928941128,0.6788847
5-200 candler,0.892888883,3.495728441,0.477436956,0.930085431,0.670958463
5-201 candler,0.922084154,2.863285219,0.383472893,0.942734296,0.522112189
5-202 candler,0.911658303,2.990437459,0.453127734,0.940191251,0.577921556
5-203 candler,0.893457213,3.539549809,0.463922564,0.929209004,0.668183997
5-204 candler,0.8939045,3.471143061,0.475765325,0.930577139,0.666166295
5-205 candler,0.89280872,3.710449684,0.4303672,0.925791006,0.671124288
5-206 candler,0.911518793,2.98026534,0.457078268,0.940394693,0.578744694
5-207 candler,0.918179721,2.867073431,0.425704096,0.942658531,0.543827372
5-208 candler,0.882397905,3.811109272,0.480334261,0.923777815,0.720753779
5-209 candler,0.885354444,3.658189671,0.492420264,0.926836207,0.706734276
5-210 candler,0.913657784,2.96274552,0.442423577,0.94074509,0.567614194
5-211 candler,0.899811952,3.305099019,0.470825919,0.93389802,0.637229095
5-212 candler,0.899890294,3.41257814,0.444753236,0.931748437,0.636810699
5-213 candler,0.902667704,3.426537718,0.418129635,0.931469246,0.622690802
5-214 candler,0.91758329,2.800506994,0.451377717,0.94398986,0.547353899
5-215 candler,0.913524843,3.028632562,0.425051593,0.939427349,0.568102894
5-216 candler,0.893712413,3.511389893,0.468315383,0.929772202,0.666980382
5-217 candler,0.904439553,3.223340612,0.45433502,0.935533188,0.614388742
5-218 candler,0.904422552,3.211556905,0.457406292,0.935768862,0.61449203
5-219 candler,0.902811255,3.337503839,0.439295463,0.933249923,0.622431689
5-220 candler,0.907097059,3.068016418,0.471621755,0.938639672,0.601148608
5-221 candler,0.925024835,2.718626703,0.396723711,0.945627466,0.506748146
5-222 candler,0.896618935,3.205326482,0.515318553,0.93589347,0.652283234
5-223 candler,0.91022113,3.187501198,0.412338669,0.936249976,0.584797525
5-224 candler,0.917110065,3.051047338,0.380769235,0.938979053,0.548256471
5-225 candler,0.905237508,3.45387604,0.387315597,0.930922479,0.609256541
5-226 candler,0.918919765,2.694308416,0.46952515,0.946113832,0.540296202
5-227 candler,0.879390665,4.000798225,0.461842894,0.919984036,0.734821339
5-228 candler,0.900482676,3.163967639,0.498481362,0.936720647,0.633790597
5-229 candler,0.942642743,1.842442356,0.500281884,0.963151153,0.410960698
5-230 candler,0.918227254,2.99472901,0.385754083,0.94010542,0.542818914
5-231 candler,0.920708478,2.587031685,0.483932516,0.948259366,0.531103858
5-232 candler,0.907271567,3.226223716,0.429323104,0.935475526,0.599922158
5-233 candler,0.907541158,2.679638596,0.561461222,0.946407228,0.59687827
5-234 candler,0.873816134,2.942648061,0.666429817,0.941147039,0.746725658
5-235 candler,0.878544302,3.437380203,0.569536438,0.931252396,0.735239387
5-236 candler,0.894426955,2.744548301,0.619375942,0.945109034,0.657325684
5-237 candler,0.877272455,3.247910945,0.606698404,0.935041781,0.738241193
5-238 candler,0.884253517,3.125818431,0.597288208,0.937483631,0.706913374
5-239 candler,0.898784788,2.715400516,0.603778864,0.94569199,0.637715331
5-240 candler,0.886505364,3.173136841,0.578316818,0.936537263,0.697861955
5-241 candler,0.894624992,2.811918275,0.605839957,0.943761634,0.657372477
5-242 candler,0.884697349,2.946968202,0.626027983,0.941060636,0.70229974
5-243 candler,0.895707955,2.966432913,0.570224153,0.940671342,0.654559806
5-244 candler,0.910526653,2.45057331,0.594921121,0.950988534,0.580213412
5-245 candler,0.906254164,2.986331745,0.498371975,0.940273365,0.605090042
5-246 candler,0.888896461,2.796900105,0.634257313,0.944061998,0.682109729
5-247 candler,0.92945893,1.7385547,0.651811341,0.965228906,0.478641297
5-248 candler,0.882495418,2.979078091,0.629555388,0.940418438,0.712262896
5-249 candler,0.878992312,2.987436232,0.641714766,0.940251275,0.726635636
5-250 candler,0.878917114,3.036111176,0.634251981,0.939277776,0.728010041
5-251 candler,0.873945447,2.885645072,0.67433641,0.942287099,0.744959817
5-252 candler,0.885769178,2.970999081,0.61743067,0.940580018,0.698201627
5-253 candler,0.882252402,2.801717566,0.659145538,0.943965649,0.709876054
5-254 candler,0.886350688,3.061380465,0.599090312,0.938772391,0.697066602
5-255 candler,0.883437847,2.991637498,0.623679033,0.94016725,0.708435767
5-256 candler,0.902903704,2.576035714,0.610535444,0.948479286,0.617080737
5-257 candler,0.873215471,3.526500606,0.578464526,0.929469988,0.758969839
5-258 candler,0.890824742,3.014048512,0.586443303,0.93971903,0.67688573
5-259 candler,0.86458192,3.57120752,0.60594855,0.92857585,0.795032874
5-260 candler,0.888339088,3.057832261,0.590467997,0.938843355,0.688303053
5-261 candler,0.882492441,3.018324263,0.623092762,0.939633515,0.712833154
5-262 candler,0.871296669,3.28369995,0.624249092,0.934326001,0.763360223
5-263 candler,0.870654506,3.513808781,0.59123282,0.929723824,0.769334109
5-264 candler,0.897700228,2.944515458,0.563528793,0.941109691,0.645341597
5-265 candler,0.883914975,3.022189217,0.616556273,0.939556216,0.706885268
5-266 candler,0.874214311,3.179905965,0.629377142,0.936401881,0.749690507
5-267 candler,0.896265326,3.104669151,0.538843165,0.937906617,0.65322252
5-268 candler,0.872562423,3.313974042,0.614855975,0.933720519,0.758741607
5-269 candler,0.883974753,3.100867397,0.602865881,0.937982652,0.707710895
5-270 candler,0.877156569,2.855308532,0.668432535,0.942893829,0.731654708
5-271 candler,0.851764045,4.397653064,0.534675172,0.912046939,0.856000788
5-272 candler,0.872798538,3.141161628,0.640371436,0.937176767,0.754832288
5-273 candler,0.880995785,3.049411673,0.624027065,0.939011767,0.719498199
5-274 candler,0.884483079,2.911094178,0.632897186,0.941778116,0.702701136
5-275 candler,0.893569584,2.939222495,0.586807453,0.94121555,0.66389823
5-276 candler,0.886429775,3.162623144,0.580613762,0.936747537,0.697967247
5-277 candler,0.883728698,2.845064185,0.646753743,0.943098716,0.704535217
5-278 candler,0.879945674,3.144094388,0.612724322,0.937118112,0.725411681
5-279 candler,0.898543943,2.605122557,0.626408288,0.947897549,0.636988868
5-280 candler,0.892127488,2.778618129,0.623561044,0.944427637,0.6679662
5-281 candler,0.890739391,3.099839652,0.570675097,0.938003207,0.678316428
5-282 candler,0.903129795,2.654853836,0.593045963,0.946902923,0.617178797
5-283 candler,0.884613538,3.363523246,0.552966555,0.932729535,0.708171313
5-284 candler,0.886592006,2.904429635,0.625392015,0.941911407,0.693570027
5-285 candler,0.867615609,3.508109535,0.604057188,0.929837809,0.781661036
5-286 candler,0.898714633,2.838776582,0.579463333,0.943224468,0.639523773
5-287 candler,0.888490427,2.935917309,0.611665452,0.941281654,0.685984948
5-288 candler,0.913507657,2.387786809,0.591095372,0.952244264,0.565430474
5-289 candler,0.899027973,2.516295205,0.641037737,0.949674096,0.633333671
5-290 candler,0.910702371,2.257599109,0.636333931,0.954848018,0.576570671
5-291 candler,0.888808953,3.039875688,0.591473585,0.939202486,0.686081531
5-292 candler,0.908121376,2.417109898,0.615948625,0.951657802,0.590980063
5-293 candler,0.928482026,1.65599238,0.67900376,0.966880152,0.481657476
5-294 candler,0.943750367,1.383221969,0.655380965,0.972335561,0.399916871
5-295 candler,0.912277481,2.261190951,0.627100235,0.954776181,0.569415796
5-296 candler,0.932840499,1.871335838,0.589731868,0.962573283,0.463854737
5-297 candler,0.91164623,2.382607831,0.603584639,0.952347843,0.57416067
5-298 candler,0.914400058,2.33356949,0.598240017,0.95332861,0.560504759
5-299 candler,0.913312033,2.120977846,0.652256796,0.957580443,0.562050995
5-300 candler,0.90727174,2.399762372,0.624136146,0.952004753,0.594662879
5-301 candler,0.898962262,2.528762823,0.638973377,0.949424744,0.633886177
5-302 candler,0.916802432,2.113635035,0.635128805,0.957727299,0.545796274
5-303 candler,0.896234973,2.456073929,0.664003597,0.950878521,0.644230464
5-304 candler,0.921466845,2.100093026,0.609980639,0.957998139,0.523512687
5-305 candler,0.901869241,2.645246752,0.601836828,0.947095065,0.622791667
5-306 candler,0.910388025,2.112074985,0.668368304,0.9577585,0.575112947
5-307 candler,0.889424841,2.742895332,0.641423251,0.945142093,0.67876849
5-308 candler,0.901673315,2.861832382,0.557594179,0.942763352,0.626176376
5-309 candler,0.899444026,2.376969151,0.665156959,0.952460617,0.628798089
5-310 candler,0.902796222,2.340942395,0.657529689,0.953181152,0.61340749
5-311 candler,0.910611013,2.293912521,0.629009546,0.95412175,0.577578886
5-312 candler,0.89826925,2.202685091,0.700728708,0.955946298,0.629842865
5-313 candler,0.930772395,1.76052896,0.637213347,0.964789421,0.472638633
5-314 candler,0.890844576,2.884071478,0.61027258,0.94231857,0.675112079
5-315 candler,0.905423555,2.248734619,0.663663607,0.955025308,0.600069561
5-316 candler,0.893572946,2.762727578,0.61994727,0.944745448,0.661290786
5-317 candler,0.888852856,2.866544887,0.622307725,0.942669102,0.68338692
5-318 candler,0.902264874,2.509652105,0.627090377,0.949806958,0.61897317
5-319 candler,0.900716149,2.473170913,0.641575084,0.950536582,0.625052841
5-320 candler,0.919859641,2.029347518,0.637273012,0.95941305,0.52999038
5-321 candler,0.907233974,2.301574715,0.644648662,0.953968506,0.593108959
5-322 candler,0.914359181,2.588843029,0.536233793,0.948223139,0.563272774
5-323 candler,0.927122162,1.667983744,0.683572623,0.966640325,0.488453532
5-324 candler,0.915074556,2.070218822,0.654251124,0.958595624,0.553051187
5-325 candler,0.911506625,2.293696589,0.624199973,0.954126068,0.573414121
5-326 candler,0.896092109,2.684275863,0.622871797,0.946314483,0.649162974
5-327 candler,0.896846126,2.532128951,0.647703418,0.949357421,0.64317461
5-328 candler,0.907845992,2.065555221,0.688814041,0.958688896,0.585368509
5-329 candler,0.939599202,1.819420413,0.543900226,0.963611592,0.42759324
5-330 candler,0.906294142,2.674318547,0.570427448,0.946513629,0.602773803
5-331 candler,0.919301604,2.058020931,0.633710033,0.958839581,0.53315717
5-332 candler,0.915248551,2.090655602,0.648827137,0.958186888,0.552630285
5-333 candler,0.91067087,2.066512995,0.676362362,0.95866974,0.57285565
5-334 candler,0.90745696,2.22370609,0.659352866,0.955525878,0.590586314
5-335 candler,0.929219396,1.688339644,0.666454443,0.966233207,0.478764345
5-336 candler,0.922591688,1.789892677,0.678580963,0.964202146,0.512464458
5-337 candler,0.917241559,2.139432116,0.626598754,0.957211358,0.544246481
5-338 candler,0.921753577,2.167111264,0.590947306,0.956657775,0.522882139
5-339 candler,0.905195533,2.357516479,0.643207406,0.95284967,0.603187183
5-340 candler,0.924791155,1.72113457,0.683240177,0.965577309,0.500607744
5-341 candler,0.920231967,2.13808273,0.608509815,0.957238345,0.529995232
5-342 candler,0.933577886,1.80633171,0.603355235,0.963873366,0.459220587
5-343 candler,0.903240658,2.350773688,0.65362889,0.952984526,0.611741456
5-344 candler,0.911364694,2.170109105,0.651579099,0.956597818,0.571892032
5-345 candler,0.874402687,2.853357998,0.677594164,0.94293284,0.742422214
5-346 candler,0.886320865,2.656708066,0.667751869,0.946865839,0.690034762
5-347 candler,0.912130597,2.158174546,0.650273983,0.956836509,0.568127191
5-348 candler,0.913086394,2.096901824,0.658556338,0.958061964,0.562679431
5-349 candler,0.910139522,2.118413373,0.668217964,0.957631733,0.576433553
5-350 candler,0.924570532,1.958648282,0.625764387,0.960827034,0.50626597
5-351 candler,0.885535708,2.726975815,0.659195316,0.945460484,0.694820032
5-352 candler,0.922327538,2.172938038,0.585350994,0.956541239,0.520249346
5-353 candler,0.921122673,1.892909082,0.662358585,0.962141818,0.521502241
5-354 candler,0.920318878,1.997903858,0.642067766,0.960041923,0.527387374
5-355 candler,0.90700796,2.182729831,0.669538035,0.956345403,0.59172263
5-356 candler,0.914706864,1.919476595,0.688347151,0.961610468,0.55152003
5-357 candler,0.904549475,2.395718353,0.638675927,0.952085633,0.606764376
5-358 candler,0.92507693,2.067761563,0.593566658,0.958644769,0.505372314
5-359 candler,0.905291658,2.240352402,0.665893331,0.955192952,0.600402216
5-360 candler,0.91456407,2.11412408,0.647254644,0.957717518,0.556172204
5-361 candler,0.905143477,2.138233582,0.686069443,0.957235328,0.598930922
5-362 candler,0.886070318,2.815582721,0.642549911,0.943688346,0.694241285
5-363 candler,0.930451877,2.020305844,0.56481229,0.959593883,0.477625699
5-364 candler,0.904237838,2.174398399,0.682959534,0.956512032,0.603730149
5-365 candler,0.917600838,1.8842372,0.682342141,0.962315256,0.53757579
5-366 candler,0.936698266,1.418111133,0.693773824,0.971637777,0.436322311
5-367 candler,0.933484436,1.659582717,0.646826132,0.966808346,0.457332554
5-368 candler,0.93965235,1.531563364,0.639843693,0.969368733,0.423844781
5-369 candler,0.924214001,1.767203661,0.675341475,0.964655927,0.504260899
5-370 candler,0.93691493,1.659087654,0.621655331,0.966818247,0.439979543
5-371 candler,0.927501933,1.818642833,0.643194603,0.963627143,0.489603056
5-372 candler,0.907209139,2.172303033,0.670723179,0.956553939,0.590469513
5-373 candler,0.895638042,2.186396157,0.712581345,0.956272077,0.640155551
5-374 candler,0.921734388,1.691715553,0.705158948,0.966165689,0.51401073
5-375 candler,0.904016432,2.265547958,0.666607664,0.954689041,0.606608209
5-376 candler,0.922751978,1.750361731,0.686941986,0.964992765,0.510747428
5-377 candler,0.909872534,2.054244005,0.682380545,0.95891512,0.576171504
5-378 candler,0.909273243,1.998492969,0.6959224,0.960030141,0.577464491
5-379 candler,0.911230635,2.014728859,0.684356587,0.959705423,0.569124171
5-380 candler,0.912585574,2.159284677,0.647696031,0.956814306,0.566180871
5-381 candler,0.908406352,2.284118094,0.642487904,0.954317638,0.587343741
5-382 candler,0.930843452,1.648666875,0.666971881,0.967026663,0.470076913
5-383 candler,0.902166143,2.3016176,0.667716688,0.953967648,0.615397978
5-384 candler,0.916851728,1.950181422,0.671602159,0.960996372,0.542378645
5-385 candler,0.921250552,1.956278299,0.646654209,0.960874434,0.522075405
5-386 candler,0.936616988,1.447316476,0.686106998,0.97105367,0.437408414
5-387 candler,0.90832511,2.300072597,0.639575404,0.953998548,0.588051681
5-388 candler,0.926563731,1.759145341,0.664124453,0.964817093,0.492973284
5-389 candler,0.903642206,2.345008986,0.652937264,0.95309982,0.609817705
5-390 candler,0.923743372,2.138949843,0.584139687,0.957221003,0.512804592
5-391 candler,0.886548801,2.829392953,0.63832012,0.943412141,0.692501023
5-392 candler,0.912735667,2.150301687,0.648880094,0.956993966,0.565255547
5-393 candler,0.904858564,2.337467548,0.648808409,0.953250649,0.604253661
5-394 candler,0.938654843,1.474342186,0.66477746,0.970513156,0.42785514
5-395 candler,0.918698906,2.271146009,0.585443395,0.95457708,0.539151023
5-396 candler,0.927164416,1.689056658,0.678158452,0.966218867,0.488632583
5-397 candler,0.921271468,1.913696845,0.656651201,0.961726063,0.521233411
5-398 candler,0.909111884,2.36236253,0.622332853,0.952752749,0.585473566
5-399 candler,0.901906553,2.439006287,0.642651534,0.951219874,0.619291389
5-400 candler,0.925849327,1.796272447,0.659009873,0.964074551,0.49717538
5-401 candler,0.930177883,1.786337702,0.634211777,0.964273246,0.47584211
5-402 candler,0.90833005,2.104483138,0.679149416,0.957910337,0.5841356
5-403 candler,0.922002368,1.66130641,0.710664019,0.966773872,0.512006577
5-404 candler,0.906733187,2.435838785,0.619414985,0.951283224,0.597624116
5-405 candler,0.895350377,2.51258336,0.657536139,0.949748333,0.649129375
5-406 candler,0.897009308,2.894213502,0.577573768,0.94211573,0.647844452
5-407 candler,0.906260997,2.242336793,0.661136162,0.955153264,0.596284301
5-408 candler,0.901350661,2.284301674,0.674332534,0.954313967,0.618623045
5-409 candler,0.909335379,2.082518659,0.679112556,0.958349627,0.579103664
5-410 candler,0.910816986,2.30662767,0.625127945,0.953867447,0.576863039
5-411 candler,0.911516506,2.162044014,0.652525795,0.95675912,0.5711084
5-412 candler,0.938304199,1.509095546,0.656852548,0.969818089,0.430277724
5-413 candler,0.912417942,2.408065966,0.593117895,0.951838681,0.57089652
5-414 candler,0.900425768,2.619272487,0.614496032,0.94761455,0.628880684
5-415 candler,0.882914669,2.765798023,0.662475492,0.94468404,0.706337869
5-416 candler,0.915345332,2.283291234,0.604218181,0.954334175,0.55537101
5-417 candler,0.904378914,2.218781416,0.673982403,0.955624372,0.604043975
5-418 candler,0.905893206,2.233589297,0.664529044,0.955328214,0.597663449
5-419 candler,0.913004319,2.26364821,0.622536397,0.954727036,0.565962024
5-420 candler,0.904174635,2.439686434,0.631673784,0.951206271,0.609282317
5-421 candler,0.903970406,2.51565531,0.617309692,0.949686894,0.611413307
5-422 candler,0.914477541,2.048323185,0.662050488,0.959033536,0.555403623
5-423 candler,0.905774436,2.370492702,0.637783561,0.952590146,0.600842761
5-424 candler,0.906725038,2.050023554,0.696365345,0.958999529,0.589913566
5-425 candler,0.907633493,2.201845816,0.662926491,0.955963084,0.589289455
5-426 candler,0.912379362,2.420382356,0.59052511,0.951592353,0.571077001
5-427 candler,0.898756663,2.3686633,0.669480894,0.952626734,0.63166128
5-428 candler,0.91646502,2.408791256,0.566368001,0.951824175,0.551462052
5-429 candler,0.896837862,2.616712528,0.632099324,0.947665749,0.644694123
5-430 candler,0.913452668,2.203905444,0.633358356,0.955921891,0.562930414
5-431 candler,0.905523849,2.147744739,0.68269619,0.957045105,0.597483878
5-432 candler,0.921200306,1.84912759,0.672116183,0.963017448,0.520276098
5-433 candler,0.916555484,2.177441382,0.621765442,0.956451172,0.548014948
5-434 candler,0.925564247,1.810076659,0.657241198,0.963798467,0.49880219
5-435 candler,0.918046369,2.00370317,0.653425744,0.959925937,0.538082684
5-436 candler,0.911158694,2.052577493,0.676985471,0.95894845,0.570384326
5-437 candler,0.883424131,2.836536383,0.649285889,0.943269272,0.705619636
5-438 candler,0.915317721,1.901208162,0.689407931,0.961975837,0.548299027
5-439 candler,0.918153755,2.205523804,0.605254102,0.955889524,0.54092508
5-440 candler,0.916182764,2.190437919,0.620928273,0.956191242,0.549970287
5-441 candler,0.90297314,2.442843403,0.636893026,0.951143132,0.61461024
5-442 candler,0.924176167,1.977292527,0.623548374,0.960454149,0.508441511
5-443 candler,0.890952089,2.734501453,0.636520721,0.945309971,0.672257887
5-444 candler,0.912035843,2.13969319,0.654679905,0.957206136,0.568285823
5-445 candler,0.890450925,2.889724452,0.611055259,0.942205511,0.676889901
5-446 candler,0.938274298,1.66222807,0.60954975,0.966755439,0.433008507
5-447 candler,0.922782452,2.206864161,0.573011401,0.955862717,0.51830349
5-448 candler,0.87896796,2.555744519,0.706995111,0.94888511,0.717275073
5-449 candler,0.915162499,2.143913642,0.637384591,0.957121727,0.553987207
5-450 candler,0.92025817,1.891316679,0.667353086,0.962173666,0.525550313
5-451 candler,0.915422357,2.2447143,0.612782703,0.955105714,0.554480781
5-452 candler,0.910074113,2.100866468,0.672091694,0.957982671,0.576332537
5-453 candler,0.941086954,1.480681327,0.644743553,0.970386373,0.415617064
5-454 candler,0.903830519,2.354283897,0.650265363,0.952914322,0.60917066
5-455 candler,0.895687553,3.100756045,0.543060488,0.937984879,0.655992699
5-456 candler,0.890650224,2.300689921,0.710213024,0.953986202,0.663843725
5-457 candler,0.890924045,3.102696422,0.569155048,0.937946072,0.677515518
5-458 candler,0.932878943,1.760818625,0.622167933,0.964783628,0.462025706
5-459 candler,0.905218218,2.367224758,0.641151523,0.952655505,0.603266306
5-460 candler,0.896995,2.665951377,0.622118341,0.946680972,0.644786475
5-461 candler,0.8887052,2.915078384,0.614381807,0.941698432,0.684801989
5-462 candler,0.906400071,2.452088219,0.617766032,0.950958236,0.599389625
5-463 candler,0.912333332,2.41328482,0.592448966,0.951734304,0.571279726
5-464 candler,0.899590437,2.44606169,0.651718004,0.951078766,0.629625282
5-465 candler,0.910070035,2.19089085,0.653613115,0.956182183,0.578211801
5-466 candler,0.905800479,2.488031837,0.613428447,0.950239363,0.60265645
5-467 candler,0.920547731,1.826557072,0.68064401,0.963468859,0.522758387
5-468 candler,0.936095901,1.626181752,0.637917838,0.967476365,0.443564878
5-469 candler,0.910179394,2.352842345,0.618590231,0.952943153,0.580378021
5-470 candler,0.895033173,2.399094263,0.678693937,0.952018115,0.648067215
5-471 candler,0.908385231,2.165646389,0.666728782,0.956687072,0.585270325
5-472 candler,0.906454156,2.379116432,0.632641654,0.952417671,0.597947229
5-473 candler,0.887442383,2.770548147,0.644690917,0.944589037,0.687597852
5-474 candler,0.88424247,3.087200869,0.60401276,0.938255983,0.706498211
5-475 candler,0.92055915,2.20456603,0.589566882,0.955908679,0.529266462
5-476 candler,0.920943915,2.061681991,0.622908107,0.95876636,0.525366751
5-477 candler,0.903483202,2.386598055,0.645542498,0.952268039,0.611337067
5-478 candler,0.913537974,2.502149038,0.5636202,0.949957019,0.566414322
5-479 candler,0.915278541,2.438722641,0.56718046,0.951225547,0.557541219
5-480 candler,0.91791136,2.112048651,0.629110882,0.957759027,0.54059935
5-481 candler,0.920683946,2.213720184,0.586371399,0.955725596,0.528743978
5-482 candler,0.904549102,2.398473929,0.638115374,0.952030521,0.606866993
5-483 candler,0.929206383,1.73556664,0.65419142,0.965288667,0.47977788
5-484 candler,0.916458247,2.008436741,0.660743868,0.959831265,0.545463314
5-485 candler,0.889997536,2.700083652,0.646466569,0.945998327,0.675580212
5-486 candler,0.903367027,2.51996567,0.619516133,0.949600687,0.614223537
5-487 candler,0.896209175,2.548252362,0.647507641,0.949034953,0.64618995
5-488 candler,0.91905885,2.076557963,0.630732696,0.958468841,0.534639885
5-489 candler,0.895415152,2.544434055,0.651560748,0.949111319,0.649513559
5-490 candler,0.932612688,1.667628246,0.650492079,0.966647435,0.461802847
5-491 candler,0.93231678,1.519438454,0.692236731,0.969611231,0.460047662
5-492 candler,0.908129297,2.234770527,0.653951724,0.955304589,0.587797535
5-493 candler,0.886966153,2.838294309,0.63511616,0.943234114,0.6909426
5-494 candler,0.889953029,2.834232985,0.623223236,0.94331534,0.678116016
5-495 candler,0.925346181,2.129863779,0.574560607,0.957402724,0.50479575
5-496 candler,0.911620854,2.282052071,0.626096342,0.954358959,0.572869379
5-497 candler,0.899781892,2.505316164,0.639690514,0.949893677,0.629839365
5-498 candler,0.89630352,2.665112102,0.625507376,0.946697758,0.647807403
5-499 candler,0.893086035,2.434504823,0.6799082,0.951309904,0.656986905
5-500 candler,0.909305823,2.342243629,0.625595837,0.953155127,0.58434331
5-501 candler,0.901882726,2.194290083,0.688726377,0.956114198,0.614156583
5-502 candler,0.918660066,2.384636612,0.5567108,0.952307268,0.540428055
5-503 candler,0.894779825,2.959928626,0.576508627,0.940801427,0.658695027
