Image_Number,Class
5-001 candler,M
5-002 candler,F
5-003 candler,M
5-004 candler,F
5-005 candler,F
5-006 candler,M
5-007 candler,M
5-008 candler,M
5-009 candler,F
5-010 candler,M
5-011 candler,F
5-012 candler,F
5-013 candler,M
5-014 candler,F
5-015 candler,M
5-016 candler,F
5-017 candler,F
5-018 candler,F
5-019 candler,M
5-020 candler,M
5-021 candler,M
5-022 candler,M
5-023 candler,M
5-024 candler,F
5-025 candler,M
5-026 candler,F
5-027 candler,F
5-028 candler,F
5-029 candler,M
5-030 candler,M
5-031 candler,M
5-032 candler,M
5-033 candler,F
5-034 candler,F
5-035 candler,M
5-036 candler,M
5-037 candler,M
5-038 candler,F
5-039 candler,M
5-040 candler,M
5-041 candler,M
5-042 candler,M
5-043 candler,F
5-044 candler,M
5-045 candler,F
5-046 candler,F
5-047 candler,F
5-048 candler,M
5-049 candler,F
5-050 candler,M
5-051 candler,F
5-052 candler,M
5-053 candler,F
5-054 candler,F
5-055 candler,M
5-056 candler,M
5-057 candler,M
5-058 candler,M
5-059 candler,F
5-060 candler,M
5-061 candler,M
5-062 candler,F
5-063 candler,F
5-064 candler,F
5-065 candler,M
5-066 candler,M
5-067 candler,M
5-068 candler,M
5-069 candler,F
5-070 candler,M
5-071 candler,M
5-072 candler,F
5-073 candler,M
5-074 candler,M
5-075 candler,M
5-076 candler,M
5-077 candler,M
5-078 candler,F
5-079 candler,M
5-080 candler,M
5-081 candler,M
5-082 candler,F
5-083 candler,M
5-084 candler,F
5-085 candler,M
5-086 candler,F
5-087 candler,M
5-088 candler,F
5-089 candler,F
5-090 candler,F
5-091 candler,M
5-092 candler,M
5-093 candler,F
5-094 candler,F
5-095 candler,M
5-096 candler,F
5-097 candler,M
5-098 candler,F
5-099 candler,F
5-100 candler,M
5-101 candler,M
5-102 candler,M
5-103 candler,F
5-104 candler,M
5-105 candler,F
5-106 candler,M
5-107 candler,F
5-108 candler,F
5-109 candler,F
5-110 candler,M
5-111 candler,M
5-112 candler,M
5-113 candler,F
5-114 candler,M
5-115 candler,F
5-116 candler,F
5-117 candler,M
5-118 candler,F
5-119 candler,M
5-120 candler,M
5-121 candler,M
5-122 candler,F
5-123 candler,M
5-124 candler,M
5-125 candler,F
5-126 candler,M
5-127 candler,F
5-128 candler,M
5-129 candler,F
5-130 candler,M
5-131 candler,M
5-132 candler,M
5-133 candler,M
5-134 candler,M
5-135 candler,F
5-136 candler,M
5-137 candler,M
5-138 candler,M
5-139 candler,F
5-140 candler,F
5-141 candler,F
5-142 candler,M
5-143 candler,M
5-144 candler,M
5-145 candler,M
5-146 candler,M
5-147 candler,M
5-148 candler,M
5-149 candler,M
5-150 candler,F
5-151 candler,F
5-152 candler,F
5-153 candler,F
5-154 candler,M
5-155 candler,F
5-156 candler,F
5-157 candler,M
5-158 candler,F
5-159 candler,F
5-160 candler,M
5-161 candler,M
5-162 candler,F
5-163 candler,M
5-164 candler,M
5-165 candler,F
5-166 candler,M
5-167 candler,F
5-168 candler,M
5-169 candler,M
5-170 candler,F
5-171 candler,F
5-172 candler,M
5-173 candler,M
5-174 candler,F
5-175 candler,M
5-176 candler,M
5-177 candler,M
5-178 candler,M
5-179 candler,F
5-180 candler,F
5-181 candler,M
5-182 candler,M
5-183 candler,M
5-184 candler,F
5-185 candler,M
5-186 candler,M
5-187 candler,F
5-188 candler,F
5-189 candler,M
5-190 candler,M
5-191 candler,F
5-192 candler,M
5-193 candler,M
5-194 candler,M
5-195 candler,F
5-196 candler,M
5-197 candler,M
5-198 candler,F
5-199 candler,F
5-200 candler,M
5-201 candler,M
5-202 candler,M
5-203 candler,F
5-204 candler,M
5-205 candler,M
5-206 candler,F
5-207 candler,M
5-208 candler,F
5-209 candler,F
5-210 candler,M
5-211 candler,F
5-212 candler,M
5-213 candler,F
5-214 candler,F
5-215 candler,F
5-216 candler,M
5-217 candler,M
5-218 candler,F
5-219 candler,M
5-220 candler,F
5-221 candler,F
5-222 candler,M
5-223 candler,M
5-224 candler,F
5-225 candler,M
5-226 candler,F
5-227 candler,F
5-228 candler,F
5-229 candler,M
5-230 candler,M
5-231 candler,M
5-232 candler,M
5-233 candler,F
5-234 candler,M
5-235 candler,M
5-236 candler,M
5-237 candler,M
5-238 candler,M
5-239 candler,F
5-240 candler,M
5-241 candler,F
5-242 candler,M
5-243 candler,F
5-244 candler,F
5-245 candler,M
5-246 candler,M
5-247 candler,M
5-248 candler,M
5-249 candler,M
5-250 candler,M
5-251 candler,M
5-252 candler,M
5-253 candler,M
5-254 candler,M
5-255 candler,M
5-256 candler,F
5-257 candler,M
5-258 candler,M
5-259 candler,M
5-260 candler,M
5-261 candler,M
5-262 candler,M
5-263 candler,M
5-264 candler,M
5-265 candler,M
5-266 candler,M
5-267 candler,M
5-268 candler,M
5-269 candler,M
5-270 candler,M
5-271 candler,M
5-272 candler,M
5-273 candler,F
5-274 candler,M
5-275 candler,M
5-276 candler,M
5-277 candler,M
5-278 candler,M
5-279 candler,F
5-280 candler,M
5-281 candler,M
5-282 candler,F
5-283 candler,M
5-284 candler,M
5-285 candler,M
5-286 candler,M
5-287 candler,M
5-288 candler,F
5-289 candler,M
5-290 candler,M
5-291 candler,F
5-292 candler,M
5-293 candler,M
5-294 candler,M
5-295 candler,F
5-296 candler,M
5-297 candler,M
5-298 candler,M
5-299 candler,M
5-300 candler,F
5-301 candler,M
5-302 candler,M
5-303 candler,F
5-304 candler,M
5-305 candler,F
5-306 candler,M
5-307 candler,M
5-308 candler,M
5-309 candler,M
5-310 candler,M
5-311 candler,F
5-312 candler,M
5-313 candler,M
5-314 candler,M
5-315 candler,M
5-316 candler,F
5-317 candler,M
5-318 candler,F
5-319 candler,F
5-320 candler,F
5-321 candler,F
5-322 candler,F
5-323 candler,M
5-324 candler,F
5-325 candler,M
5-326 candler,F
5-327 candler,M
5-328 candler,M
5-329 candler,M
5-330 candler,M
5-331 candler,F
5-332 candler,F
5-333 candler,M
5-334 candler,F
5-335 candler,M
5-336 candler,M
5-337 candler,M
5-338 candler,F
5-339 candler,M
5-340 candler,M
5-341 candler,M
5-342 candler,M
5-343 candler,M
5-344 candler,M
5-345 candler,M
5-346 candler,M
5-347 candler,F
5-348 candler,F
5-349 candler,F
5-350 candler,M
5-351 candler,M
5-352 candler,M
5-353 candler,M
5-354 candler,F
5-355 candler,F
5-356 candler,F
5-357 candler,M
5-358 candler,M
5-359 candler,M
5-360 candler,M
5-361 candler,F
5-362 candler,M
5-363 candler,M
5-364 candler,M
5-365 candler,F
5-366 candler,M
5-367 candler,F
5-368 candler,F
5-369 candler,M
5-370 candler,M
5-371 candler,M
5-372 candler,M
5-373 candler,F
5-374 candler,M
5-375 candler,F
5-376 candler,F
5-377 candler,M
5-378 candler,M
5-379 candler,F
5-380 candler,F
5-381 candler,F
5-382 candler,M
5-383 candler,F
5-384 candler,F
5-385 candler,F
5-386 candler,F
5-387 candler,F
5-388 candler,M
5-389 candler,M
5-390 candler,M
5-391 candler,M
5-392 candler,F
5-393 candler,M
5-394 candler,M
5-395 candler,M
5-396 candler,M
5-397 candler,M
5-398 candler,F
5-399 candler,M
5-400 candler,M
5-401 candler,M
5-402 candler,F
5-403 candler,F
5-404 candler,F
5-405 candler,M
5-406 candler,F
5-407 candler,M
5-408 candler,F
5-409 candler,M
5-410 candler,F
5-411 candler,M
5-412 candler,M
5-413 candler,F
5-414 candler,F
5-415 candler,M
5-416 candler,F
5-417 candler,M
5-418 candler,F
5-419 candler,M
5-420 candler,F
5-421 candler,F
5-422 candler,M
5-423 candler,F
5-424 candler,F
5-425 candler,M
5-426 candler,M
5-427 candler,F
5-428 candler,F
5-429 candler,F
5-430 candler,F
5-431 candler,F
5-432 candler,F
5-433 candler,F
5-434 candler,M
5-435 candler,F
5-436 candler,F
5-437 candler,M
5-438 candler,F
5-439 candler,F
5-440 candler,M
5-441 candler,F
5-442 candler,M
5-443 candler,M
5-444 candler,M
5-445 candler,M
5-446 candler,M
5-447 candler,M
5-448 candler,M
5-449 candler,M
5-450 candler,M
5-451 candler,M
5-452 candler,F
5-453 candler,M
5-454 candler,M
5-455 candler,M
5-456 candler,M
5-457 candler,M
5-458 candler,M
5-459 candler,F
5-460 candler,M
5-461 candler,M
5-462 candler,M
5-463 candler,F
5-464 candler,M
5-465 candler,F
5-466 candler,F
5-467 candler,M
5-468 candler,M
5-469 candler,M
5-470 candler,F
5-471 candler,F
5-472 candler,F
5-473 candler,M
5-474 candler,M
5-475 candler,F
5-476 candler,F
5-477 candler,M
5-478 candler,F
5-479 candler,M
5-480 candler,F
5-481 candler,F
5-482 candler,F
5-483 candler,M
5-484 candler,F
5-485 candler,M
5-486 candler,F
5-487 candler,M
5-488 candler,M
5-489 candler,M
5-490 candler,M
5-491 candler,M
5-492 candler,M
5-493 candler,M
5-494 candler,M
5-495 candler,M
5-496 candler,F
5-497 candler,M
5-498 candler,M
5-499 candler,M
5-500 candler,M
5-501 candler,F
5-502 candler,F
5-503 candler,M
